Temporada,Liga,Equipo,Victorias,Derrotas,Empates,Puntos Obtenidos,Goles Anotados,Goles Recibidos
2010/11,Bundesliga,1. FC Kaiserslautern,13,14,7,46,48,51
2011/12,Bundesliga,1. FC Kaiserslautern,4,19,11,23,24,54
2010/11,Bundesliga,1. FC Köln,13,16,5,44,47,62
2011/12,Bundesliga,1. FC Köln,8,20,6,30,39,75
2014/15,Bundesliga,1. FC Köln,9,12,13,40,34,40
2015/16,Bundesliga,1. FC Köln,10,11,13,43,38,42
2016/17,Bundesliga,1. FC Köln,12,9,13,49,51,42
2017/18,Bundesliga,1. FC Köln,5,22,7,22,35,70
2019/20,Bundesliga,1. FC Köln,10,18,6,36,51,69
2020/21,Bundesliga,1. FC Köln,0,4,3,3,7,12
2010/11,Bundesliga,1. FC Nürnberg,13,13,8,47,47,45
2011/12,Bundesliga,1. FC Nürnberg,12,16,6,42,38,49
2012/13,Bundesliga,1. FC Nürnberg,11,12,11,44,39,47
2013/14,Bundesliga,1. FC Nürnberg,5,18,11,26,37,70
2018/19,Bundesliga,1. FC Nürnberg,3,21,10,19,26,68
2019/20,Bundesliga,1. FC Union Berlin,12,17,5,41,41,58
2020/21,Bundesliga,1. FC Union Berlin,3,1,3,12,16,7
2010/11,Bundesliga,1. FSV Mainz 05,18,12,4,58,52,39
2011/12,Bundesliga,1. FSV Mainz 05,9,13,12,39,47,51
2012/13,Bundesliga,1. FSV Mainz 05,10,12,12,42,42,44
2013/14,Bundesliga,1. FSV Mainz 05,16,13,5,53,52,54
2014/15,Bundesliga,1. FSV Mainz 05,9,12,13,40,45,47
2015/16,Bundesliga,1. FSV Mainz 05,14,12,8,50,46,42
2016/17,Bundesliga,1. FSV Mainz 05,10,17,7,37,44,55
2017/18,Bundesliga,1. FSV Mainz 05,9,16,9,36,38,52
2018/19,Bundesliga,1. FSV Mainz 05,12,15,7,43,46,57
2019/20,Bundesliga,1. FSV Mainz 05,11,19,4,37,44,65
2020/21,Bundesliga,1. FSV Mainz 05,0,6,1,1,7,20
2014/15,Serie A,AC Cesena (1940-2018),4,22,12,24,36,73
2013/14,Serie A,AC Chievo Verona,10,22,6,36,34,54
2014/15,Serie A,AC Chievo Verona,10,15,13,43,28,41
2015/16,Serie A,AC Chievo Verona,13,14,11,50,43,45
2016/17,Serie A,AC Chievo Verona,12,19,7,43,43,61
2017/18,Serie A,AC Chievo Verona,10,18,10,40,36,59
2018/19,Serie A,AC Chievo Verona,2,22,14,20,25,75
2013/14,Serie A,AC Milan,16,13,9,57,57,49
2014/15,Serie A,AC Milan,13,12,13,52,56,50
2015/16,Serie A,AC Milan,15,11,12,57,49,43
2016/17,Serie A,AC Milan,18,11,9,63,57,45
2017/18,Serie A,AC Milan,18,10,10,64,56,42
2018/19,Serie A,AC Milan,19,8,11,68,55,36
2019/20,Serie A,AC Milan,19,10,9,66,63,46
2020/21,Serie A,AC Milan,5,0,2,17,16,7
2013/14,Serie A,ACF Fiorentina,19,11,8,65,65,44
2014/15,Serie A,ACF Fiorentina,18,10,10,64,61,46
2015/16,Serie A,ACF Fiorentina,18,10,10,64,60,42
2016/17,Serie A,ACF Fiorentina,16,10,12,60,63,57
2017/18,Serie A,ACF Fiorentina,16,13,9,57,54,46
2018/19,Serie A,ACF Fiorentina,8,13,17,41,47,45
2019/20,Serie A,ACF Fiorentina,12,13,13,49,51,48
2020/21,Serie A,ACF Fiorentina,2,3,2,8,10,12
2015/16,Premier League,AFC Bournemouth,11,18,9,42,45,67
2016/17,Premier League,AFC Bournemouth,12,16,10,46,55,67
2017/18,Premier League,AFC Bournemouth,11,16,11,44,45,61
2018/19,Premier League,AFC Bournemouth,13,19,6,45,56,70
2019/20,Premier League,AFC Bournemouth,9,22,7,34,40,65
2013/14,Serie A,AS Livorno Calcio,6,25,7,25,39,77
2014/15,Ligue 1,AS Monaco,20,7,11,71,51,26
2015/16,Ligue 1,AS Monaco,17,7,14,65,57,50
2016/17,Ligue 1,AS Monaco,30,3,5,95,107,31
2017/18,Ligue 1,AS Monaco,24,6,8,80,85,45
2018/19,Ligue 1,AS Monaco,8,18,12,36,38,57
2019/20,Ligue 1,AS Monaco,11,10,7,40,44,44
2020/21,Ligue 1,AS Monaco,5,3,2,17,17,14
2016/17,Ligue 1,AS Nancy Lorraine,9,21,8,35,29,52
2013/14,Serie A,AS Roma,26,5,7,85,72,25
2014/15,Serie A,AS Roma,19,6,13,70,54,31
2015/16,Serie A,AS Roma,23,4,11,80,83,41
2016/17,Serie A,AS Roma,28,7,3,87,90,38
2017/18,Serie A,AS Roma,23,7,8,77,61,28
2018/19,Serie A,AS Roma,18,8,12,66,66,48
2019/20,Serie A,AS Roma,21,10,7,70,77,51
2020/21,Serie A,AS Roma,4,1,2,14,16,11
2014/15,Ligue 1,AS Saint-Étienne,19,7,12,69,51,30
2015/16,Ligue 1,AS Saint-Étienne,17,14,7,58,42,37
2016/17,Ligue 1,AS Saint-Étienne,12,12,14,50,41,42
2017/18,Ligue 1,AS Saint-Étienne,15,13,10,55,47,50
2018/19,Ligue 1,AS Saint-Étienne,19,10,9,66,59,41
2019/20,Ligue 1,AS Saint-Étienne,8,14,6,30,29,45
2020/21,Ligue 1,AS Saint-Étienne,3,6,1,10,10,15
2017/18,Ligue 1,Amiens SC,12,17,9,45,37,42
2018/19,Ligue 1,Amiens SC,9,18,11,38,31,52
2019/20,Ligue 1,Amiens SC,4,13,11,23,31,50
2015/16,Ligue 1,Angers SCO,13,14,11,50,40,38
2016/17,Ligue 1,Angers SCO,13,18,7,46,40,49
2017/18,Ligue 1,Angers SCO,9,15,14,41,42,52
2018/19,Ligue 1,Angers SCO,10,12,16,46,44,49
2019/20,Ligue 1,Angers SCO,11,11,6,39,28,33
2020/21,Ligue 1,Angers SCO,5,4,1,16,15,20
2020/21,Bundesliga,Arminia Bielefeld,1,5,1,4,4,15
2010/11,Premier League,Arsenal FC,19,8,11,68,72,43
2011/12,Premier League,Arsenal FC,21,10,7,70,74,49
2012/13,Premier League,Arsenal FC,21,7,10,73,72,37
2013/14,Premier League,Arsenal FC,24,7,7,79,68,41
2014/15,Premier League,Arsenal FC,22,7,9,75,71,36
2015/16,Premier League,Arsenal FC,20,7,11,71,65,36
2016/17,Premier League,Arsenal FC,23,9,6,75,77,44
2017/18,Premier League,Arsenal FC,19,13,6,63,74,51
2018/19,Premier League,Arsenal FC,21,10,7,70,73,51
2019/20,Premier League,Arsenal FC,14,10,14,56,56,48
2020/21,Premier League,Arsenal FC,4,4,0,12,9,10
2010/11,Premier League,Aston Villa FC,12,14,12,48,48,59
2011/12,Premier League,Aston Villa FC,7,14,17,38,37,53
2012/13,Premier League,Aston Villa FC,10,17,11,41,47,69
2013/14,Premier League,Aston Villa FC,10,20,8,38,39,61
2014/15,Premier League,Aston Villa FC,10,20,8,38,31,57
2015/16,Premier League,Aston Villa FC,3,27,8,17,27,76
2019/20,Premier League,Aston Villa FC,9,21,8,35,41,67
2020/21,Premier League,Aston Villa FC,5,2,0,15,18,9
2013/14,Serie A,Atalanta BC,15,18,5,50,43,51
2014/15,Serie A,Atalanta BC,7,15,16,37,38,57
2015/16,Serie A,Atalanta BC,11,15,12,45,41,47
2016/17,Serie A,Atalanta BC,21,8,9,72,62,41
2017/18,Serie A,Atalanta BC,16,10,12,60,57,39
2018/19,Serie A,Atalanta Bergamo,20,9,9,69,77,46
2019/20,Serie A,Atalanta Bergamo,23,6,9,78,98,48
2020/21,Serie A,Atalanta Bergamo,4,2,1,13,18,14
2012/13,Primera División,Athletic Club Bilbao,12,17,9,45,44,65
2013/14,Primera División,Athletic Club Bilbao,20,8,10,70,66,39
2014/15,Primera División,Athletic Club Bilbao,15,13,10,55,42,41
2015/16,Primera División,Athletic Club Bilbao,18,12,8,62,58,45
2016/17,Primera División,Athletic Club Bilbao,19,13,6,63,53,43
2017/18,Primera División,Athletic Club Bilbao,10,15,13,43,41,49
2018/19,Primera División,Athletic Club Bilbao,13,11,14,53,41,45
2019/20,Primera División,Athletic Club Bilbao,13,13,12,51,41,38
2020/21,Primera División,Athletic Club Bilbao,3,5,0,9,7,9
2012/13,Primera División,Atlético Madrid,23,8,7,76,65,31
2013/14,Primera División,Atlético Madrid,28,4,6,90,77,26
2014/15,Primera División,Atlético Madrid,23,6,9,78,67,29
2015/16,Primera División,Atlético Madrid,28,6,4,88,63,18
2016/17,Primera División,Atlético Madrid,23,6,9,78,70,27
2017/18,Primera División,Atlético Madrid,23,5,10,79,58,22
2018/19,Primera División,Atlético Madrid,22,6,10,76,55,29
2019/20,Primera División,Atlético Madrid,18,4,16,70,51,27
2020/21,Primera División,Atlético Madrid,5,0,2,17,17,2
2010/11,Bundesliga,Bayer 04 Leverkusen,20,6,8,68,64,44
2011/12,Bundesliga,Bayer 04 Leverkusen,15,10,9,54,52,44
2012/13,Bundesliga,Bayer 04 Leverkusen,19,7,8,65,65,39
2013/14,Bundesliga,Bayer 04 Leverkusen,19,11,4,61,60,41
2014/15,Bundesliga,Bayer 04 Leverkusen,17,7,10,61,62,37
2015/16,Bundesliga,Bayer 04 Leverkusen,18,10,6,60,56,40
2016/17,Bundesliga,Bayer 04 Leverkusen,11,15,8,41,53,55
2017/18,Bundesliga,Bayer 04 Leverkusen,15,9,10,55,58,44
2018/19,Bundesliga,Bayer 04 Leverkusen,18,12,4,58,69,52
2019/20,Bundesliga,Bayer 04 Leverkusen,19,9,6,63,61,44
2020/21,Bundesliga,Bayer 04 Leverkusen,4,0,3,15,14,8
2010/11,Bundesliga,Bayern München,19,7,8,65,81,40
2011/12,Bundesliga,Bayern München,23,7,4,73,77,22
2012/13,Bundesliga,Bayern München,29,1,4,91,98,18
2013/14,Bundesliga,Bayern München,29,2,3,90,94,23
2014/15,Bundesliga,Bayern München,25,5,4,79,80,18
2015/16,Bundesliga,Bayern München,28,2,4,88,80,17
2016/17,Bundesliga,Bayern München,25,2,7,82,89,22
2017/18,Bundesliga,Bayern München,27,4,3,84,92,28
2018/19,Bundesliga,Bayern München,24,4,6,78,88,32
2019/20,Bundesliga,Bayern München,26,4,4,82,100,32
2020/21,Bundesliga,Bayern München,6,1,0,18,27,11
2017/18,Serie A,Benevento,6,29,3,21,33,84
2020/21,Serie A,Benevento,2,5,0,6,10,20
2010/11,Premier League,Birmingham City FC,8,15,15,39,37,58
2010/11,Premier League,Blackburn Rovers FC,11,17,10,43,46,59
2011/12,Premier League,Blackburn Rovers FC,8,23,7,31,48,78
2010/11,Premier League,Blackpool FC,10,19,9,39,55,78
2013/14,Serie A,Bologna FC,5,19,14,29,28,58
2015/16,Serie A,Bologna FC,11,18,9,42,33,45
2016/17,Serie A,Bologna FC,11,19,8,41,40,58
2017/18,Serie A,Bologna FC,11,21,6,39,40,52
2018/19,Serie A,Bologna FC,11,16,11,44,48,56
2019/20,Serie A,Bologna FC,12,15,11,47,52,65
2020/21,Serie A,Bologna FC,2,5,0,6,11,13
2010/11,Premier League,Bolton Wanderers FC,12,16,10,46,52,56
2011/12,Premier League,Bolton Wanderers FC,10,22,6,36,46,77
2010/11,Bundesliga,Bor. Mönchengladbach,10,18,6,36,48,65
2011/12,Bundesliga,Bor. Mönchengladbach,17,8,9,60,49,24
2012/13,Bundesliga,Bor. Mönchengladbach,12,11,11,47,45,49
2013/14,Bundesliga,Bor. Mönchengladbach,16,11,7,55,59,43
2014/15,Bundesliga,Bor. Mönchengladbach,19,6,9,66,53,26
2015/16,Bundesliga,Bor. Mönchengladbach,17,13,4,55,67,50
2016/17,Bundesliga,Bor. Mönchengladbach,12,13,9,45,45,49
2017/18,Bundesliga,Bor. Mönchengladbach,13,13,8,47,47,52
2018/19,Bundesliga,Bor. Mönchengladbach,16,11,7,55,55,42
2019/20,Bundesliga,Bor. Mönchengladbach,20,9,5,65,66,40
2020/21,Bundesliga,Bor. Mönchengladbach,3,2,2,11,12,12
2010/11,Bundesliga,Borussia Dortmund,23,5,6,75,67,22
2011/12,Bundesliga,Borussia Dortmund,25,3,6,81,80,25
2012/13,Bundesliga,Borussia Dortmund,19,6,9,66,81,42
2013/14,Bundesliga,Borussia Dortmund,22,7,5,71,80,38
2014/15,Bundesliga,Borussia Dortmund,13,14,7,46,47,42
2015/16,Bundesliga,Borussia Dortmund,24,4,6,78,82,34
2016/17,Bundesliga,Borussia Dortmund,18,6,10,64,72,40
2017/18,Bundesliga,Borussia Dortmund,15,9,10,55,64,47
2018/19,Bundesliga,Borussia Dortmund,23,4,7,76,81,44
2019/20,Bundesliga,Borussia Dortmund,21,7,6,69,84,41
2020/21,Bundesliga,Borussia Dortmund,5,2,0,15,15,5
2019/20,Serie A,Brescia Calcio,6,25,7,25,35,79
2017/18,Premier League,Brighton & Hove Albion FC,9,16,13,40,34,54
2018/19,Premier League,Brighton & Hove Albion FC,9,20,9,36,35,60
2019/20,Premier League,Brighton & Hove Albion FC,9,15,14,41,39,54
2020/21,Premier League,Brighton & Hove Albion FC,1,4,3,6,11,14
2014/15,Premier League,Burnley FC,7,19,12,33,28,53
2016/17,Premier League,Burnley FC,11,20,7,40,39,55
2017/18,Premier League,Burnley FC,14,12,12,54,36,39
2018/19,Premier League,Burnley FC,11,20,7,40,45,68
2019/20,Premier League,Burnley FC,15,14,9,54,43,50
2020/21,Premier League,Burnley FC,0,5,2,2,3,12
2012/13,Primera División,CA Osasuna,10,19,9,39,33,50
2013/14,Primera División,CA Osasuna,10,19,9,39,32,62
2016/17,Primera División,CA Osasuna,4,24,10,22,40,94
2019/20,Primera División,CA Osasuna,13,12,13,52,46,54
2020/21,Primera División,CA Osasuna,3,4,1,10,7,8
2016/17,Primera División,CD Leganés,8,19,11,35,36,55
2017/18,Primera División,CD Leganés,12,19,7,43,34,51
2018/19,Primera División,CD Leganés,11,15,12,45,37,43
2019/20,Primera División,CD Leganés,8,18,12,36,30,51
2013/14,Serie A,Cagliari Calcio,9,17,12,39,34,53
2014/15,Serie A,Cagliari Calcio,8,20,10,34,48,68
2016/17,Serie A,Cagliari Calcio,14,19,5,47,55,76
2017/18,Serie A,Cagliari Calcio,11,21,6,39,33,61
2018/19,Serie A,Cagliari Calcio,10,17,11,41,36,54
2019/20,Serie A,Cagliari Calcio,11,15,12,45,52,56
2020/21,Serie A,Cagliari Calcio,3,3,1,10,14,15
2013/14,Serie A,Calcio Catania,8,22,8,32,34,66
2013/14,Premier League,Cardiff City FC,7,22,9,30,32,74
2018/19,Premier League,Cardiff City FC,10,24,4,34,34,69
2015/16,Serie A,Carpi,9,18,11,38,37,57
2010/11,Premier League,Chelsea FC,21,9,8,71,69,33
2011/12,Premier League,Chelsea FC,18,10,10,64,65,46
2012/13,Premier League,Chelsea FC,22,7,9,75,75,39
2013/14,Premier League,Chelsea FC,25,6,7,82,71,27
2014/15,Premier League,Chelsea FC,26,3,9,87,73,32
2015/16,Premier League,Chelsea FC,12,12,14,50,59,53
2016/17,Premier League,Chelsea FC,30,5,3,93,85,33
2017/18,Premier League,Chelsea FC,21,10,7,70,62,38
2018/19,Premier League,Chelsea FC,21,8,9,72,63,39
2019/20,Premier League,Chelsea FC,20,12,6,66,69,54
2020/21,Premier League,Chelsea FC,4,1,3,15,20,10
2013/14,Premier League,Crystal Palace FC,13,19,6,45,33,48
2014/15,Premier League,Crystal Palace FC,13,16,9,48,47,51
2015/16,Premier League,Crystal Palace FC,11,18,9,42,39,51
2016/17,Premier League,Crystal Palace FC,12,21,5,41,50,63
2017/18,Premier League,Crystal Palace FC,11,16,11,44,45,55
2018/19,Premier League,Crystal Palace FC,14,17,7,49,51,53
2019/20,Premier League,Crystal Palace FC,11,17,10,43,31,50
2020/21,Premier League,Crystal Palace FC,4,3,1,13,12,12
2020/21,Primera División,Cádiz CF,4,3,2,14,8,10
2014/15,Primera División,Córdoba CF,3,24,11,20,22,68
2016/17,Primera División,Deportivo Alavés,14,11,13,55,41,43
2017/18,Primera División,Deportivo Alavés,15,21,2,47,40,50
2018/19,Primera División,Deportivo Alavés,13,14,11,50,39,50
2019/20,Primera División,Deportivo Alavés,10,19,9,39,34,59
2020/21,Primera División,Deportivo Alavés,2,4,3,9,7,10
2016/17,Ligue 1,Dijon FCO,8,17,13,37,46,58
2017/18,Ligue 1,Dijon FCO,13,16,9,48,55,73
2018/19,Ligue 1,Dijon FCO,9,22,7,34,31,60
2019/20,Ligue 1,Dijon FCO,7,12,9,30,27,37
2020/21,Ligue 1,Dijon FCO,0,6,4,4,5,19
2014/15,Ligue 1,EA Guingamp,15,19,4,49,41,55
2015/16,Ligue 1,EA Guingamp,11,16,11,44,47,56
2016/17,Ligue 1,EA Guingamp,14,16,8,50,46,53
2017/18,Ligue 1,EA Guingamp,12,15,11,47,48,59
2018/19,Ligue 1,EA Guingamp,5,21,12,27,28,68
2015/16,Ligue 1,ES Troyes AC,3,26,9,18,28,83
2017/18,Ligue 1,ES Troyes AC,9,23,6,33,32,59
2013/14,Bundesliga,Eintracht Braunschweig,6,21,7,25,29,60
2010/11,Bundesliga,Eintracht Frankfurt,9,18,7,34,31,49
2012/13,Bundesliga,Eintracht Frankfurt,14,11,9,51,49,46
2013/14,Bundesliga,Eintracht Frankfurt,9,16,9,36,40,57
2014/15,Bundesliga,Eintracht Frankfurt,11,13,10,43,56,62
2015/16,Bundesliga,Eintracht Frankfurt,9,16,9,36,34,52
2016/17,Bundesliga,Eintracht Frankfurt,11,14,9,42,36,43
2017/18,Bundesliga,Eintracht Frankfurt,14,13,7,49,45,45
2018/19,Bundesliga,Eintracht Frankfurt,15,10,9,54,60,48
2019/20,Bundesliga,Eintracht Frankfurt,13,15,6,45,59,60
2020/21,Bundesliga,Eintracht Frankfurt,2,1,4,10,10,12
2013/14,Primera División,Elche CF,9,16,13,40,30,50
2014/15,Primera División,Elche CF,11,19,8,41,35,62
2020/21,Primera División,Elche CF,3,2,2,11,7,8
2014/15,Serie A,Empoli,8,12,18,42,46,52
2015/16,Serie A,Empoli,12,16,10,46,40,49
2016/17,Serie A,Empoli,8,22,8,32,29,61
2018/19,Serie A,Empoli,10,20,8,38,51,70
2010/11,Premier League,Everton FC,13,10,15,54,51,45
2011/12,Premier League,Everton FC,15,12,11,56,50,40
2012/13,Premier League,Everton FC,16,7,15,63,55,40
2013/14,Premier League,Everton FC,21,8,9,72,61,39
2014/15,Premier League,Everton FC,12,15,11,47,48,50
2015/16,Premier League,Everton FC,11,13,14,47,59,55
2016/17,Premier League,Everton FC,17,11,10,61,62,44
2017/18,Premier League,Everton FC,13,15,10,49,44,58
2018/19,Premier League,Everton FC,15,14,9,54,54,46
2019/20,Premier League,Everton FC,13,15,10,49,44,56
2020/21,Premier League,Everton FC,4,3,1,13,16,14
2011/12,Bundesliga,FC Admira Wacker Mödling,15,11,10,55,59,52
2012/13,Bundesliga,FC Admira Wacker Mödling,9,19,8,35,47,68
2013/14,Bundesliga,FC Admira Wacker Mödling,11,16,9,42,51,67
2014/15,Bundesliga,FC Admira Wacker Mödling,7,16,13,34,32,61
2015/16,Bundesliga,FC Admira Wacker Mödling,13,12,11,50,45,51
2016/17,Bundesliga,FC Admira Wacker Mödling,13,16,7,46,36,55
2017/18,Bundesliga,FC Admira Wacker Mödling,15,15,6,51,59,66
2018/19,Bundesliga,FC Admira Wacker Mödling,8,15,9,33,42,62
2019/20,Bundesliga,FC Admira Wacker Mödling,6,16,10,28,29,57
2020/21,Bundesliga,FC Admira Wacker Mödling,1,5,1,4,9,23
2011/12,Bundesliga,FC Augsburg,8,12,14,38,36,49
2012/13,Bundesliga,FC Augsburg,8,17,9,33,33,51
2013/14,Bundesliga,FC Augsburg,15,12,7,52,47,47
2014/15,Bundesliga,FC Augsburg,15,15,4,49,43,43
2015/16,Bundesliga,FC Augsburg,9,14,11,38,42,52
2016/17,Bundesliga,FC Augsburg,9,14,11,38,35,51
2017/18,Bundesliga,FC Augsburg,10,13,11,41,43,46
2018/19,Bundesliga,FC Augsburg,8,18,8,32,51,71
2019/20,Bundesliga,FC Augsburg,9,16,9,36,45,63
2020/21,Bundesliga,FC Augsburg,3,3,1,10,9,10
2012/13,Primera División,FC Barcelona,32,2,4,100,115,40
2013/14,Primera División,FC Barcelona,27,5,6,87,100,33
2014/15,Primera División,FC Barcelona,30,4,4,94,110,21
2015/16,Primera División,FC Barcelona,29,5,4,91,112,29
2016/17,Primera División,FC Barcelona,28,4,6,90,116,37
2017/18,Primera División,FC Barcelona,28,1,9,93,99,29
2018/19,Primera División,FC Barcelona,26,3,9,87,90,36
2019/20,Primera División,FC Barcelona,25,6,7,82,86,38
2020/21,Primera División,FC Barcelona,3,2,2,11,15,8
2016/17,Serie A,FC Crotone,9,22,7,34,34,58
2017/18,Serie A,FC Crotone,9,21,8,35,40,66
2020/21,Serie A,FC Crotone,0,5,2,2,6,17
2015/16,Bundesliga,FC Ingolstadt 04,10,14,10,40,33,42
2016/17,Bundesliga,FC Ingolstadt 04,8,18,8,32,36,57
2013/14,Serie A,FC Internazionale Milano,15,8,15,60,62,39
2014/15,Serie A,FC Internazionale Milano,14,11,13,55,59,48
2015/16,Serie A,FC Internazionale Milano,20,11,7,67,50,38
2016/17,Serie A,FC Internazionale Milano,19,14,5,62,72,49
2017/18,Serie A,FC Internazionale Milano,20,6,12,72,66,30
2018/19,Serie A,FC Internazionale Milano,20,9,9,69,57,33
2019/20,Serie A,FC Internazionale Milano,24,4,10,82,81,36
2020/21,Serie A,FC Internazionale Milano,3,1,3,12,16,11
2014/15,Ligue 1,FC Lorient,12,19,7,43,44,50
2015/16,Ligue 1,FC Lorient,11,14,13,46,47,58
2016/17,Ligue 1,FC Lorient,10,22,6,36,44,70
2020/21,Ligue 1,FC Lorient,2,6,2,8,12,17
2014/15,Ligue 1,FC Metz,7,22,9,30,31,61
2016/17,Ligue 1,FC Metz,11,17,10,43,39,72
2017/18,Ligue 1,FC Metz,6,24,8,26,34,76
2019/20,Ligue 1,FC Metz,8,10,10,34,27,35
2020/21,Ligue 1,FC Metz,4,3,3,15,11,8
2014/15,Ligue 1,FC Nantes,11,15,12,45,29,40
2015/16,Ligue 1,FC Nantes,12,14,12,48,33,44
2016/17,Ligue 1,FC Nantes,14,15,9,51,40,54
2017/18,Ligue 1,FC Nantes,14,14,10,52,36,41
2018/19,Ligue 1,FC Nantes,13,16,9,48,48,48
2019/20,Ligue 1,FC Nantes,11,13,4,37,28,31
2020/21,Ligue 1,FC Nantes,3,4,2,11,11,13
2010/11,Bundesliga,FC RB Salzburg,17,7,12,63,53,31
2011/12,Bundesliga,FC RB Salzburg,19,6,11,68,60,30
2012/13,Bundesliga,FC RB Salzburg,22,3,11,77,91,39
2013/14,Bundesliga,FC RB Salzburg,25,6,5,80,110,35
2014/15,Bundesliga,FC RB Salzburg,22,7,7,73,99,42
2015/16,Bundesliga,FC RB Salzburg,21,4,11,74,71,33
2016/17,Bundesliga,FC RB Salzburg,25,5,6,81,74,24
2017/18,Bundesliga,FC RB Salzburg,25,3,8,83,81,29
2018/19,Bundesliga,FC RB Salzburg,25,2,5,80,79,27
2019/20,Bundesliga,FC RB Salzburg,22,2,8,74,110,34
2020/21,Bundesliga,FC RB Salzburg,6,0,1,19,25,5
2010/11,Bundesliga,FC Schalke 04,11,16,7,40,38,44
2011/12,Bundesliga,FC Schalke 04,20,10,4,64,74,44
2012/13,Bundesliga,FC Schalke 04,16,11,7,55,58,50
2013/14,Bundesliga,FC Schalke 04,19,8,7,64,63,43
2014/15,Bundesliga,FC Schalke 04,13,12,9,48,42,40
2015/16,Bundesliga,FC Schalke 04,15,12,7,52,51,49
2016/17,Bundesliga,FC Schalke 04,11,13,10,43,45,40
2017/18,Bundesliga,FC Schalke 04,18,7,9,63,53,37
2018/19,Bundesliga,FC Schalke 04,8,17,9,33,37,55
2019/20,Bundesliga,FC Schalke 04,9,13,12,39,38,58
2020/21,Bundesliga,FC Schalke 04,0,4,3,3,5,22
2010/11,Bundesliga,FC St. Pauli,8,21,5,29,35,68
2010/11,Bundesliga,FC Wacker Innsbruck,13,12,11,50,43,42
2011/12,Bundesliga,FC Wacker Innsbruck,10,11,15,45,36,45
2012/13,Bundesliga,FC Wacker Innsbruck,11,21,3,36,41,72
2013/14,Bundesliga,FC Wacker Innsbruck,5,17,14,29,42,70
2018/19,Bundesliga,FC Wacker Innsbruck,8,19,5,29,32,51
2010/11,Bundesliga,FK Austria Wien,16,9,10,58,62,37
2011/12,Bundesliga,FK Austria Wien,14,10,12,54,52,44
2012/13,Bundesliga,FK Austria Wien,25,4,7,82,84,31
2013/14,Bundesliga,FK Austria Wien,14,11,11,53,58,44
2014/15,Bundesliga,FK Austria Wien,10,13,13,43,45,51
2015/16,Bundesliga,FK Austria Wien,17,11,8,59,65,48
2016/17,Bundesliga,FK Austria Wien,20,13,3,63,72,50
2017/18,Bundesliga,FK Austria Wien,12,17,7,43,51,55
2018/19,Bundesliga,FK Austria Wien,12,14,6,42,45,48
2019/20,Bundesliga,FK Austria Wien,13,10,12,51,52,50
2020/21,Bundesliga,FK Austria Wien,2,3,2,8,7,8
2012/13,Bundesliga,Fortuna Düsseldorf,7,18,9,30,39,57
2018/19,Bundesliga,Fortuna Düsseldorf,13,16,5,44,49,65
2019/20,Bundesliga,Fortuna Düsseldorf,6,16,12,30,36,67
2015/16,Serie A,Frosinone,8,23,7,31,35,76
2018/19,Serie A,Frosinone,5,23,10,25,29,69
2010/11,Premier League,Fulham FC,11,11,16,49,49,43
2011/12,Premier League,Fulham FC,14,14,10,52,48,51
2012/13,Premier League,Fulham FC,11,17,10,43,50,60
2013/14,Premier League,Fulham FC,9,24,5,32,40,85
2018/19,Premier League,Fulham FC,7,26,5,26,34,81
2020/21,Premier League,Fulham FC,1,6,1,4,7,15
2015/16,Ligue 1,GFC Ajaccio,8,17,13,37,37,58
2013/14,Serie A,Genoa CFC,11,16,11,44,41,50
2014/15,Serie A,Genoa CFC,16,11,11,59,62,47
2015/16,Serie A,Genoa CFC,13,18,7,46,45,48
2016/17,Serie A,Genoa CFC,9,20,9,36,38,64
2017/18,Serie A,Genoa CFC,11,19,8,41,33,43
2018/19,Serie A,Genoa CFC,8,16,14,38,39,57
2019/20,Serie A,Genoa CFC,10,19,9,39,47,73
2020/21,Serie A,Genoa CFC,1,4,2,5,7,15
2012/13,Primera División,Getafe CF,13,17,8,47,43,57
2013/14,Primera División,Getafe CF,11,18,9,42,35,54
2014/15,Primera División,Getafe CF,10,21,7,37,33,64
2015/16,Primera División,Getafe CF,9,20,9,36,37,67
2017/18,Primera División,Getafe CF,15,13,10,55,42,33
2018/19,Primera División,Getafe CF,15,9,14,59,48,35
2019/20,Primera División,Getafe CF,14,12,12,54,43,37
2020/21,Primera División,Getafe CF,3,3,2,11,8,9
2017/18,Primera División,Girona FC,14,15,9,51,50,59
2018/19,Primera División,Girona FC,9,19,10,37,37,53
2014/15,Ligue 1,Girondins de Bordeaux,17,9,12,63,47,44
2015/16,Ligue 1,Girondins de Bordeaux,12,12,14,50,50,57
2016/17,Ligue 1,Girondins de Bordeaux,15,9,14,59,53,43
2017/18,Ligue 1,Girondins de Bordeaux,16,15,7,55,53,48
2018/19,Ligue 1,Girondins de Bordeaux,10,17,11,41,34,42
2019/20,Ligue 1,Girondins de Bordeaux,9,9,10,37,40,34
2020/21,Ligue 1,Girondins de Bordeaux,3,4,3,12,9,11
2012/13,Primera División,Granada CF,11,18,9,42,37,54
2013/14,Primera División,Granada CF,12,21,5,41,32,56
2014/15,Primera División,Granada CF,7,17,14,35,29,64
2015/16,Primera División,Granada CF,10,19,9,39,46,69
2016/17,Primera División,Granada CF,4,26,8,20,30,82
2019/20,Primera División,Granada CF,16,14,8,56,52,45
2020/21,Primera División,Granada CF,4,2,2,14,9,11
2010/11,Bundesliga,Hamburger SV,12,13,9,45,46,52
2011/12,Bundesliga,Hamburger SV,8,14,12,36,35,57
2012/13,Bundesliga,Hamburger SV,14,14,6,48,42,53
2013/14,Bundesliga,Hamburger SV,7,21,6,27,51,75
2014/15,Bundesliga,Hamburger SV,9,17,8,35,25,50
2015/16,Bundesliga,Hamburger SV,11,15,8,41,40,46
2016/17,Bundesliga,Hamburger SV,10,16,8,38,33,61
2017/18,Bundesliga,Hamburger SV,8,19,7,31,29,53
2010/11,Bundesliga,Hannover 96,19,12,3,60,49,45
2011/12,Bundesliga,Hannover 96,12,10,12,48,41,45
2012/13,Bundesliga,Hannover 96,13,15,6,45,60,62
2013/14,Bundesliga,Hannover 96,12,16,6,42,46,59
2014/15,Bundesliga,Hannover 96,9,15,10,37,40,56
2015/16,Bundesliga,Hannover 96,7,23,4,25,31,62
2017/18,Bundesliga,Hannover 96,10,15,9,39,44,54
2018/19,Bundesliga,Hannover 96,5,23,6,21,31,71
2019/20,Serie A,Hellas Verona,12,13,13,49,47,51
2020/21,Serie A,Hellas Verona,3,1,3,12,10,5
2013/14,Serie A,Hellas Verona FC,16,16,6,54,62,68
2014/15,Serie A,Hellas Verona FC,11,14,13,46,49,65
2015/16,Serie A,Hellas Verona FC,5,20,13,28,34,63
2017/18,Serie A,Hellas Verona FC,7,27,4,25,30,78
2011/12,Bundesliga,Hertha BSC,7,17,10,31,38,64
2013/14,Bundesliga,Hertha BSC,11,15,8,41,40,48
2014/15,Bundesliga,Hertha BSC,9,17,8,35,36,52
2015/16,Bundesliga,Hertha BSC,14,12,8,50,42,42
2016/17,Bundesliga,Hertha BSC,15,15,4,49,43,47
2017/18,Bundesliga,Hertha BSC,10,11,13,43,43,46
2018/19,Bundesliga,Hertha BSC,11,13,10,43,49,57
2019/20,Bundesliga,Hertha BSC,11,15,8,41,48,59
2020/21,Bundesliga,Hertha BSC,2,4,1,7,13,13
2017/18,Premier League,Huddersfield Town AFC,9,19,10,37,28,58
2018/19,Premier League,Huddersfield Town AFC,3,28,7,16,22,76
2013/14,Premier League,Hull City AFC,10,21,7,37,38,53
2014/15,Premier League,Hull City AFC,8,19,11,35,33,51
2016/17,Premier League,Hull City AFC,9,22,7,34,37,80
2013/14,Serie A,Juventus,33,2,3,102,80,23
2014/15,Serie A,Juventus,26,3,9,87,72,24
2015/16,Serie A,Juventus,29,5,4,91,75,20
2016/17,Serie A,Juventus,29,5,4,91,77,27
2017/18,Serie A,Juventus,30,3,5,95,86,24
2018/19,Serie A,Juventus,28,4,6,90,70,30
2019/20,Serie A,Juventus,26,7,5,83,76,43
2020/21,Serie A,Juventus,3,0,4,13,15,6
2010/11,Bundesliga,Kapfenberger SV,9,16,11,38,42,61
2011/12,Bundesliga,Kapfenberger SV,5,23,8,23,21,64
2010/11,Bundesliga,LASK Linz,3,23,10,19,22,75
2017/18,Bundesliga,LASK Linz,17,13,6,57,49,41
2018/19,Bundesliga,LASK Linz,18,5,9,63,59,31
2019/20,Bundesliga,LASK Linz,20,8,4,64,67,37
2020/21,Bundesliga,LASK Linz,5,1,1,16,15,5
2020/21,Premier League,Leeds United FC,3,4,1,10,14,17
2014/15,Premier League,Leicester City FC,11,19,8,41,46,55
2015/16,Premier League,Leicester City FC,23,3,12,81,68,36
2016/17,Premier League,Leicester City FC,12,18,8,44,48,63
2017/18,Premier League,Leicester City FC,12,15,11,47,56,60
2018/19,Premier League,Leicester City FC,15,16,7,52,51,48
2019/20,Premier League,Leicester City FC,18,12,8,62,67,41
2020/21,Premier League,Leicester City FC,6,2,0,18,18,9
2012/13,Primera División,Levante UD,12,16,10,46,40,57
2013/14,Primera División,Levante UD,12,14,12,48,35,43
2014/15,Primera División,Levante UD,9,19,10,37,34,67
2015/16,Primera División,Levante UD,8,22,8,32,37,70
2017/18,Primera División,Levante UD,11,14,13,46,44,58
2018/19,Primera División,Levante UD,11,16,11,44,59,66
2019/20,Primera División,Levante UD,14,17,7,49,47,53
2020/21,Primera División,Levante UD,1,4,3,6,8,13
2014/15,Ligue 1,Lille OSC,16,14,8,56,43,42
2015/16,Ligue 1,Lille OSC,15,8,15,60,39,27
2016/17,Ligue 1,Lille OSC,13,18,7,46,40,47
2017/18,Ligue 1,Lille OSC,10,20,8,38,41,67
2018/19,Ligue 1,Lille OSC,22,7,9,75,68,33
2019/20,Ligue 1,Lille OSC,15,9,4,49,35,27
2020/21,Ligue 1,Lille OSC,5,1,4,19,17,7
2010/11,Premier League,Liverpool FC,17,14,7,58,59,44
2011/12,Premier League,Liverpool FC,14,14,10,52,47,40
2012/13,Premier League,Liverpool FC,16,9,13,61,71,43
2013/14,Premier League,Liverpool FC,26,6,6,84,101,50
2014/15,Premier League,Liverpool FC,18,12,8,62,52,48
2015/16,Premier League,Liverpool FC,16,10,12,60,63,50
2016/17,Premier League,Liverpool FC,22,6,10,76,78,42
2017/18,Premier League,Liverpool FC,21,5,12,75,84,38
2018/19,Premier League,Liverpool FC,30,1,7,97,89,22
2019/20,Premier League,Liverpool FC,32,3,3,99,85,33
2020/21,Premier League,Liverpool FC,5,1,2,17,18,16
2010/11,Premier League,Manchester City FC,21,9,8,71,60,33
2011/12,Premier League,Manchester City FC,28,5,5,89,93,29
2012/13,Premier League,Manchester City FC,23,6,9,78,66,34
2013/14,Premier League,Manchester City FC,27,6,5,86,102,37
2014/15,Premier League,Manchester City FC,24,7,7,79,83,38
2015/16,Premier League,Manchester City FC,19,10,9,66,71,41
2016/17,Premier League,Manchester City FC,23,6,9,78,80,39
2017/18,Premier League,Manchester City FC,32,2,4,100,106,27
2018/19,Premier League,Manchester City FC,32,4,2,98,95,23
2019/20,Premier League,Manchester City FC,26,9,3,81,102,35
2020/21,Premier League,Manchester City FC,3,1,3,12,10,9
2010/11,Premier League,Manchester United FC,23,4,11,80,78,37
2011/12,Premier League,Manchester United FC,28,5,5,89,89,33
2012/13,Premier League,Manchester United FC,28,5,5,89,86,43
2013/14,Premier League,Manchester United FC,19,12,7,64,64,43
2014/15,Premier League,Manchester United FC,20,8,10,70,62,37
2015/16,Premier League,Manchester United FC,19,10,9,66,49,35
2016/17,Premier League,Manchester United FC,18,5,15,69,54,29
2017/18,Premier League,Manchester United FC,25,7,6,81,68,28
2018/19,Premier League,Manchester United FC,19,10,9,66,65,54
2019/20,Premier League,Manchester United FC,18,8,12,66,66,36
2020/21,Premier League,Manchester United FC,3,3,1,10,12,14
2016/17,Premier League,Middlesbrough FC,5,20,13,28,27,53
2014/15,Ligue 1,Montpellier HSC,16,14,8,56,46,39
2015/16,Ligue 1,Montpellier HSC,14,17,7,49,49,47
2016/17,Ligue 1,Montpellier HSC,10,19,9,39,48,66
2017/18,Ligue 1,Montpellier HSC,11,9,18,51,36,33
2018/19,Ligue 1,Montpellier HSC,15,9,14,59,53,42
2019/20,Ligue 1,Montpellier HSC,11,10,7,40,35,34
2020/21,Ligue 1,Montpellier HSC,5,3,2,17,16,13
2012/13,Primera División,Málaga CF,16,13,9,57,53,50
2013/14,Primera División,Málaga CF,12,17,9,45,39,46
2014/15,Primera División,Málaga CF,14,16,8,50,42,48
2015/16,Primera División,Málaga CF,12,14,12,48,38,35
2016/17,Primera División,Málaga CF,12,16,10,46,49,55
2017/18,Primera División,Málaga CF,5,28,5,20,24,61
2010/11,Premier League,Newcastle United FC,11,14,13,46,56,57
2011/12,Premier League,Newcastle United FC,19,11,8,65,56,51
2012/13,Premier League,Newcastle United FC,11,19,8,41,45,68
2013/14,Premier League,Newcastle United FC,15,19,4,49,43,59
2014/15,Premier League,Newcastle United FC,10,19,9,39,40,63
2015/16,Premier League,Newcastle United FC,9,19,10,37,44,65
2017/18,Premier League,Newcastle United FC,12,18,8,44,39,47
2018/19,Premier League,Newcastle United FC,12,17,9,45,42,48
2019/20,Premier League,Newcastle United FC,11,16,11,44,38,58
2020/21,Premier League,Newcastle United FC,3,3,2,11,10,13
2011/12,Premier League,Norwich City FC,12,15,11,47,52,66
2012/13,Premier League,Norwich City FC,10,14,14,44,41,58
2013/14,Premier League,Norwich City FC,8,21,9,33,28,62
2015/16,Premier League,Norwich City FC,9,22,7,34,39,67
2019/20,Premier League,Norwich City FC,5,27,6,21,26,75
2018/19,Ligue 1,Nîmes Olympique,15,15,8,53,57,58
2019/20,Ligue 1,Nîmes Olympique,7,15,6,27,29,44
2020/21,Ligue 1,Nîmes Olympique,2,6,2,8,10,19
2014/15,Ligue 1,OGC Nice,13,16,9,48,44,53
2015/16,Ligue 1,OGC Nice,18,11,9,63,58,41
2016/17,Ligue 1,OGC Nice,22,4,12,78,63,36
2017/18,Ligue 1,OGC Nice,15,14,9,54,53,52
2018/19,Ligue 1,OGC Nice,15,12,11,56,30,35
2019/20,Ligue 1,OGC Nice,11,9,8,41,41,38
2020/21,Ligue 1,OGC Nice,5,3,2,17,15,12
2014/15,Ligue 1,Olympique Lyonnais,22,7,9,75,72,33
2015/16,Ligue 1,Olympique Lyonnais,19,11,8,65,67,43
2016/17,Ligue 1,Olympique Lyonnais,20,13,5,65,77,48
2017/18,Ligue 1,Olympique Lyonnais,23,6,9,78,87,43
2018/19,Ligue 1,Olympique Lyonnais,21,8,9,72,70,47
2019/20,Ligue 1,Olympique Lyonnais,11,10,7,40,42,27
2020/21,Ligue 1,Olympique Lyonnais,4,1,5,17,17,10
2014/15,Ligue 1,Olympique de Marseille,21,11,6,69,76,42
2015/16,Ligue 1,Olympique de Marseille,10,10,18,48,48,42
2016/17,Ligue 1,Olympique de Marseille,17,10,11,62,57,41
2017/18,Ligue 1,Olympique de Marseille,22,5,11,77,80,47
2018/19,Ligue 1,Olympique de Marseille,18,13,7,61,60,52
2019/20,Ligue 1,Olympique de Marseille,16,4,8,56,41,29
2020/21,Ligue 1,Olympique de Marseille,5,1,3,18,12,8
2014/15,Serie A,Palermo,12,13,13,49,53,55
2015/16,Serie A,Palermo,10,19,9,39,38,65
2016/17,Serie A,Palermo,6,24,8,26,33,77
2014/15,Ligue 1,Paris Saint-Germain,24,3,11,83,83,36
2015/16,Ligue 1,Paris Saint-Germain,30,2,6,96,102,19
2016/17,Ligue 1,Paris Saint-Germain,27,5,6,87,83,27
2017/18,Ligue 1,Paris Saint-Germain,29,3,6,93,108,29
2018/19,Ligue 1,Paris Saint-Germain,29,5,4,91,105,35
2019/20,Ligue 1,Paris Saint-Germain,22,3,2,68,75,24
2020/21,Ligue 1,Paris Saint-Germain,8,2,0,24,26,3
2013/14,Serie A,Parma,15,10,13,58,58,46
2014/15,Serie A,Parma,6,24,8,26,33,75
2018/19,Serie A,Parma,10,17,11,41,41,61
2019/20,Serie A,Parma,14,17,7,49,56,57
2020/21,Serie A,Parma,1,3,3,6,8,13
2016/17,Serie A,Pescara,3,26,9,18,37,81
2011/12,Premier League,Queens Park Rangers FC,10,21,7,37,43,66
2012/13,Premier League,Queens Park Rangers FC,4,21,13,25,30,60
2014/15,Premier League,Queens Park Rangers FC,8,24,6,30,42,73
2016/17,Bundesliga,RB Leipzig,20,7,7,67,66,39
2017/18,Bundesliga,RB Leipzig,15,11,8,53,57,53
2018/19,Bundesliga,RB Leipzig,19,6,9,66,63,29
2019/20,Bundesliga,RB Leipzig,18,4,12,66,81,37
2020/21,Bundesliga,RB Leipzig,5,1,1,16,15,4
2012/13,Primera División,RC Celta Vigo,10,21,7,37,37,52
2013/14,Primera División,RC Celta Vigo,14,17,7,49,49,54
2014/15,Primera División,RC Celta Vigo,13,13,12,51,47,44
2015/16,Primera División,RC Celta Vigo,17,12,9,60,51,59
2016/17,Primera División,RC Celta Vigo,13,19,6,45,53,69
2017/18,Primera División,RC Celta Vigo,13,15,10,49,59,60
2018/19,Primera División,RC Celta Vigo,10,17,11,41,53,62
2019/20,Primera División,RC Celta Vigo,7,15,16,37,37,49
2020/21,Primera División,RC Celta Vigo,1,4,4,7,6,15
2014/15,Ligue 1,RC Lens,7,23,8,29,32,61
2020/21,Ligue 1,RC Lens,4,2,2,14,14,14
2017/18,Ligue 1,RC Strasbourg,9,18,11,38,44,67
2018/19,Ligue 1,RC Strasbourg,11,11,16,49,58,48
2019/20,Ligue 1,RC Strasbourg,11,11,5,38,32,32
2020/21,Ligue 1,RC Strasbourg,2,8,0,6,10,19
2012/13,Primera División,RCD Espanyol,11,16,11,44,43,52
2013/14,Primera División,RCD Espanyol,11,18,9,42,41,51
2014/15,Primera División,RCD Espanyol,13,15,10,49,47,51
2015/16,Primera División,RCD Espanyol,12,19,7,43,40,74
2016/17,Primera División,RCD Espanyol,15,12,11,56,49,50
2017/18,Primera División,RCD Espanyol,12,13,13,49,36,42
2018/19,Primera División,RCD Espanyol,14,13,11,53,48,50
2019/20,Primera División,RCD Espanyol,5,23,10,25,27,58
2012/13,Primera División,RCD La Coruña,8,19,11,35,47,70
2014/15,Primera División,RCD La Coruña,7,17,14,35,35,60
2015/16,Primera División,RCD La Coruña,8,12,18,42,45,61
2016/17,Primera División,RCD La Coruña,8,18,12,36,43,61
2017/18,Primera División,RCD La Coruña,6,21,11,29,38,76
2012/13,Primera División,RCD Mallorca,9,20,9,36,43,72
2019/20,Primera División,RCD Mallorca,9,23,6,33,40,65
2012/13,Primera División,Rayo Vallecano,16,17,5,53,50,66
2013/14,Primera División,Rayo Vallecano,13,21,4,43,46,80
2014/15,Primera División,Rayo Vallecano,15,19,4,49,46,68
2015/16,Primera División,Rayo Vallecano,9,18,11,38,52,73
2018/19,Primera División,Rayo Vallecano,8,22,8,32,41,70
2012/13,Premier League,Reading FC,6,22,10,28,43,73
2012/13,Primera División,Real Betis,16,14,8,56,57,56
2013/14,Primera División,Real Betis,6,25,7,25,36,78
2015/16,Primera División,Real Betis,11,15,12,45,34,52
2016/17,Primera División,Real Betis,10,19,9,39,41,64
2017/18,Primera División,Real Betis,18,14,6,60,60,61
2018/19,Primera División,Real Betis,14,16,8,50,44,52
2019/20,Primera División,Real Betis,10,17,11,41,48,60
2020/21,Primera División,Real Betis,4,5,0,12,12,17
2012/13,Primera División,Real Madrid,26,5,7,85,103,42
2013/14,Primera División,Real Madrid,27,5,6,87,104,38
2014/15,Primera División,Real Madrid,30,6,2,92,118,38
2015/16,Primera División,Real Madrid,28,4,6,90,110,34
2016/17,Primera División,Real Madrid,29,3,6,93,106,41
2017/18,Primera División,Real Madrid,22,6,10,76,94,44
2018/19,Primera División,Real Madrid,21,12,5,68,63,46
2019/20,Primera División,Real Madrid,26,3,9,87,70,25
2020/21,Primera División,Real Madrid,5,2,1,16,14,9
2012/13,Primera División,Real Sociedad,18,8,12,66,70,49
2013/14,Primera División,Real Sociedad,16,11,11,59,62,55
2014/15,Primera División,Real Sociedad,11,14,13,46,44,51
2015/16,Primera División,Real Sociedad,13,16,9,48,45,48
2016/17,Primera División,Real Sociedad,19,12,7,64,59,53
2017/18,Primera División,Real Sociedad,14,17,7,49,66,59
2018/19,Primera División,Real Sociedad,13,14,11,50,45,46
2019/20,Primera División,Real Sociedad,16,14,8,56,56,48
2020/21,Primera División,Real Sociedad,6,1,2,20,20,4
2012/13,Primera División,Real Valladolid CF,11,17,10,43,49,58
2013/14,Primera División,Real Valladolid CF,7,16,15,36,38,60
2018/19,Primera División,Real Valladolid CF,10,17,11,41,32,51
2019/20,Primera División,Real Valladolid CF,9,14,15,42,32,43
2020/21,Primera División,Real Valladolid CF,1,5,3,6,7,14
2012/13,Primera División,Real Zaragoza,9,22,7,34,37,62
2014/15,Ligue 1,SC Bastia,12,15,11,47,37,46
2015/16,Ligue 1,SC Bastia,14,16,8,50,36,42
2016/17,Ligue 1,SC Bastia,8,19,11,35,29,54
2010/11,Bundesliga,SC Freiburg,13,16,5,44,41,50
2011/12,Bundesliga,SC Freiburg,10,14,10,40,45,61
2012/13,Bundesliga,SC Freiburg,14,11,9,51,45,40
2013/14,Bundesliga,SC Freiburg,9,16,9,36,43,61
2014/15,Bundesliga,SC Freiburg,7,14,13,34,36,47
2016/17,Bundesliga,SC Freiburg,14,14,6,48,42,60
2017/18,Bundesliga,SC Freiburg,8,14,12,36,32,56
2018/19,Bundesliga,SC Freiburg,8,14,12,36,46,61
2019/20,Bundesliga,SC Freiburg,13,12,9,48,48,47
2020/21,Bundesliga,SC Freiburg,1,3,3,6,8,16
2014/15,Bundesliga,SC Paderborn 07,7,17,10,31,31,65
2019/20,Bundesliga,SC Paderborn 07,4,22,8,20,37,74
2010/11,Bundesliga,SC Wiener Neustadt,14,14,8,50,44,52
2011/12,Bundesliga,SC Wiener Neustadt,6,15,15,33,26,51
2012/13,Bundesliga,SC Wiener Neustadt,9,18,9,36,32,60
2013/14,Bundesliga,SC Wiener Neustadt,10,17,9,39,43,84
2014/15,Bundesliga,SC Wiener Neustadt,7,21,8,29,37,79
2014/15,Bundesliga,SCR Altach,17,11,8,59,50,49
2015/16,Bundesliga,SCR Altach,11,18,7,40,39,49
2016/17,Bundesliga,SCR Altach,15,13,8,53,46,49
2017/18,Bundesliga,SCR Altach,10,18,8,38,35,51
2018/19,Bundesliga,SCR Altach,9,13,10,37,48,44
2019/20,Bundesliga,SCR Altach,10,15,8,38,45,54
2020/21,Bundesliga,SCR Altach,1,4,2,5,7,16
2014/15,Primera División,SD Eibar,9,21,8,35,34,55
2015/16,Primera División,SD Eibar,11,17,10,43,49,61
2016/17,Primera División,SD Eibar,15,14,9,54,56,51
2017/18,Primera División,SD Eibar,14,15,9,51,44,50
2018/19,Primera División,SD Eibar,11,13,14,47,46,50
2019/20,Primera División,SD Eibar,11,18,9,42,39,56
2020/21,Primera División,SD Eibar,2,4,3,9,6,9
2018/19,Primera División,SD Huesca,7,19,12,33,43,65
2020/21,Primera División,SD Huesca,0,3,6,6,7,15
2010/11,Bundesliga,SK Rapid Wien,14,10,11,53,52,39
2011/12,Bundesliga,SK Rapid Wien,16,6,14,62,52,30
2012/13,Bundesliga,SK Rapid Wien,16,11,9,57,57,39
2013/14,Bundesliga,SK Rapid Wien,17,8,11,62,63,40
2014/15,Bundesliga,SK Rapid Wien,19,7,10,67,68,38
2015/16,Bundesliga,SK Rapid Wien,20,11,5,65,66,42
2016/17,Bundesliga,SK Rapid Wien,12,14,10,46,52,42
2017/18,Bundesliga,SK Rapid Wien,17,8,11,62,68,43
2018/19,Bundesliga,SK Rapid Wien,15,13,7,52,52,46
2019/20,Bundesliga,SK Rapid Wien,17,8,7,58,64,43
2020/21,Bundesliga,SK Rapid Wien,5,0,2,17,18,8
2010/11,Bundesliga,SK Sturm Graz,19,8,9,66,66,33
2011/12,Bundesliga,SK Sturm Graz,12,9,15,51,47,41
2012/13,Bundesliga,SK Sturm Graz,12,14,9,45,46,56
2013/14,Bundesliga,SK Sturm Graz,13,14,9,48,55,55
2014/15,Bundesliga,SK Sturm Graz,16,10,10,58,57,41
2015/16,Bundesliga,SK Sturm Graz,12,12,12,48,40,40
2016/17,Bundesliga,SK Sturm Graz,19,14,3,60,55,39
2017/18,Bundesliga,SK Sturm Graz,22,10,4,70,68,45
2018/19,Bundesliga,SK Sturm Graz,11,13,10,43,39,42
2019/20,Bundesliga,SK Sturm Graz,10,17,5,35,46,60
2020/21,Bundesliga,SK Sturm Graz,2,1,3,9,8,4
2016/17,Bundesliga,SKN St. Pölten,9,17,10,37,41,60
2017/18,Bundesliga,SKN St. Pölten,5,26,5,20,28,77
2018/19,Bundesliga,SKN St. Pölten,9,14,9,36,32,50
2019/20,Bundesliga,SKN St. Pölten,8,14,10,34,39,65
2020/21,Bundesliga,SKN St. Pölten,3,3,1,10,14,9
2017/18,Serie A,SPAL Ferrara,8,16,14,38,39,59
2018/19,Serie A,SPAL Ferrara,11,18,9,42,44,56
2019/20,Serie A,SPAL Ferrara,5,28,5,20,27,77
2013/14,Serie A,SS Lazio,15,12,11,56,54,54
2014/15,Serie A,SS Lazio,21,11,6,69,71,38
2015/16,Serie A,SS Lazio,15,14,9,54,52,52
2016/17,Serie A,SS Lazio,21,10,7,70,74,51
2017/18,Serie A,SS Lazio,21,8,9,72,89,49
2018/19,Serie A,SS Lazio,17,13,8,59,56,46
2019/20,Serie A,SS Lazio,24,8,6,78,79,42
2020/21,Serie A,SS Lazio,3,2,2,11,11,13
2013/14,Serie A,SSC Napoli,23,6,9,78,77,39
2014/15,Serie A,SSC Napoli,18,11,9,63,70,54
2015/16,Serie A,SSC Napoli,25,6,7,82,80,32
2016/17,Serie A,SSC Napoli,26,4,8,86,94,39
2017/18,Serie A,SSC Napoli,28,3,7,91,77,29
2018/19,Serie A,SSC Napoli,24,7,7,79,74,36
2019/20,Serie A,SSC Napoli,18,12,8,62,61,50
2020/21,Serie A,SSC Napoli,5,2,0,15,15,7
2015/16,Bundesliga,SV Darmstadt 98,9,14,11,38,38,53
2016/17,Bundesliga,SV Darmstadt 98,7,23,4,25,28,63
2013/14,Bundesliga,SV Grödig,15,12,9,54,68,71
2014/15,Bundesliga,SV Grödig,10,19,7,37,46,65
2015/16,Bundesliga,SV Grödig,9,19,8,35,42,56
2010/11,Bundesliga,SV Mattersburg,7,19,10,31,29,56
2011/12,Bundesliga,SV Mattersburg,9,16,11,38,41,43
2012/13,Bundesliga,SV Mattersburg,9,19,8,35,36,67
2015/16,Bundesliga,SV Mattersburg,10,17,9,39,40,70
2016/17,Bundesliga,SV Mattersburg,12,17,7,43,39,54
2017/18,Bundesliga,SV Mattersburg,12,14,10,46,50,56
2018/19,Bundesliga,SV Mattersburg,12,14,7,43,41,50
2019/20,Bundesliga,SV Mattersburg,8,18,6,30,39,64
2010/11,Bundesliga,SV Ried,16,10,10,58,51,38
2011/12,Bundesliga,SV Ried,11,10,15,48,44,38
2012/13,Bundesliga,SV Ried,13,16,7,46,60,59
2013/14,Bundesliga,SV Ried,10,13,13,43,55,66
2014/15,Bundesliga,SV Ried,12,16,8,44,49,51
2015/16,Bundesliga,SV Ried,11,16,9,42,36,52
2016/17,Bundesliga,SV Ried,10,21,5,35,33,56
2020/21,Bundesliga,SV Ried,2,5,0,6,8,16
2012/13,Primera División,Sevilla FC,14,16,8,50,58,54
2013/14,Primera División,Sevilla FC,18,11,9,63,69,52
2014/15,Primera División,Sevilla FC,23,8,7,76,71,45
2015/16,Primera División,Sevilla FC,14,14,10,52,51,50
2016/17,Primera División,Sevilla FC,21,8,9,72,69,49
2017/18,Primera División,Sevilla FC,17,14,7,58,49,58
2018/19,Primera División,Sevilla FC,17,13,8,59,62,47
2019/20,Primera División,Sevilla FC,19,6,13,70,54,34
2020/21,Primera División,Sevilla FC,3,3,1,10,7,6
2019/20,Premier League,Sheffield United FC,14,12,12,54,39,39
2020/21,Premier League,Sheffield United FC,0,7,1,1,4,14
2012/13,Premier League,Southampton FC,9,15,14,41,49,60
2013/14,Premier League,Southampton FC,15,12,11,56,54,46
2014/15,Premier League,Southampton FC,18,14,6,60,54,33
2015/16,Premier League,Southampton FC,18,11,9,63,59,41
2016/17,Premier League,Southampton FC,12,16,10,46,41,48
2017/18,Premier League,Southampton FC,7,16,15,36,37,56
2018/19,Premier League,Southampton FC,9,17,12,39,45,65
2019/20,Premier League,Southampton FC,15,16,7,52,51,60
2020/21,Premier League,Southampton FC,5,2,1,16,16,12
2012/13,Bundesliga,SpVgg Greuther Fürth,4,21,9,21,26,60
2020/21,Serie A,Spezia,2,3,2,8,11,15
2015/16,Primera División,Sporting Gijón,10,19,9,39,40,62
2016/17,Primera División,Sporting Gijón,7,21,10,31,42,72
2019/20,Ligue 1,Stade Brestois 29,8,10,10,34,34,37
2020/21,Ligue 1,Stade Brestois 29,4,6,0,12,15,22
2014/15,Ligue 1,Stade Malherbe Caen,12,16,10,46,54,55
2015/16,Ligue 1,Stade Malherbe Caen,16,16,6,54,39,52
2016/17,Ligue 1,Stade Malherbe Caen,10,21,7,37,36,65
2017/18,Ligue 1,Stade Malherbe Caen,10,20,8,38,27,52
2018/19,Ligue 1,Stade Malherbe Caen,7,19,12,33,29,54
2014/15,Ligue 1,Stade Rennais FC,13,14,11,50,35,42
2015/16,Ligue 1,Stade Rennais FC,13,12,13,52,52,54
2016/17,Ligue 1,Stade Rennais FC,12,12,14,50,36,42
2017/18,Ligue 1,Stade Rennais FC,16,12,10,58,50,44
2018/19,Ligue 1,Stade Rennais FC,13,12,13,52,55,52
2019/20,Ligue 1,Stade Rennais FC,15,8,5,50,38,24
2020/21,Ligue 1,Stade Rennais FC,5,2,3,18,18,14
2014/15,Ligue 1,Stade de Reims,12,18,8,44,47,66
2015/16,Ligue 1,Stade de Reims,10,19,9,39,44,57
2018/19,Ligue 1,Stade de Reims,13,9,16,55,39,42
2019/20,Ligue 1,Stade de Reims,10,7,11,41,26,21
2020/21,Ligue 1,Stade de Reims,2,5,3,9,16,18
2010/11,Premier League,Stoke City FC,13,18,7,46,46,48
2011/12,Premier League,Stoke City FC,11,15,12,45,36,53
2012/13,Premier League,Stoke City FC,9,14,15,42,34,45
2013/14,Premier League,Stoke City FC,13,14,11,50,45,52
2014/15,Premier League,Stoke City FC,15,14,9,54,48,45
2015/16,Premier League,Stoke City FC,14,15,9,51,41,55
2016/17,Premier League,Stoke City FC,11,16,11,44,41,56
2017/18,Premier League,Stoke City FC,7,19,12,33,35,68
2010/11,Premier League,Sunderland AFC,12,15,11,47,45,56
2011/12,Premier League,Sunderland AFC,11,15,12,45,45,46
2012/13,Premier League,Sunderland AFC,9,17,12,39,41,54
2013/14,Premier League,Sunderland AFC,10,20,8,38,41,60
2014/15,Premier League,Sunderland AFC,7,14,17,38,31,53
2015/16,Premier League,Sunderland AFC,9,17,12,39,48,62
2016/17,Premier League,Sunderland AFC,6,26,6,24,29,69
2011/12,Premier League,Swansea City FC,12,15,11,47,44,51
2012/13,Premier League,Swansea City FC,11,14,13,46,47,51
2013/14,Premier League,Swansea City FC,11,18,9,42,54,54
2014/15,Premier League,Swansea City FC,16,14,8,56,46,49
2015/16,Premier League,Swansea City FC,12,15,11,47,42,52
2016/17,Premier League,Swansea City FC,12,21,5,41,45,70
2017/18,Premier League,Swansea City FC,8,21,9,33,28,56
2010/11,Bundesliga,TSG 1899 Hoffenheim,11,13,10,43,50,50
2011/12,Bundesliga,TSG 1899 Hoffenheim,10,13,11,41,41,47
2012/13,Bundesliga,TSG 1899 Hoffenheim,8,19,7,31,42,67
2013/14,Bundesliga,TSG 1899 Hoffenheim,11,12,11,44,72,70
2014/15,Bundesliga,TSG 1899 Hoffenheim,12,14,8,44,49,55
2015/16,Bundesliga,TSG 1899 Hoffenheim,9,15,10,37,39,54
2016/17,Bundesliga,TSG 1899 Hoffenheim,16,4,14,62,64,37
2017/18,Bundesliga,TSG 1899 Hoffenheim,15,9,10,55,66,48
2018/19,Bundesliga,TSG 1899 Hoffenheim,13,9,12,51,70,52
2019/20,Bundesliga,TSG 1899 Hoffenheim,15,12,7,52,53,53
2020/21,Bundesliga,TSG 1899 Hoffenheim,2,4,1,7,11,12
2018/19,Bundesliga,TSV Hartberg,10,17,5,35,48,66
2019/20,Bundesliga,TSV Hartberg,13,14,7,46,55,76
2020/21,Bundesliga,TSV Hartberg,1,3,3,6,6,15
2013/14,Serie A,Torino FC,15,11,12,57,58,48
2014/15,Serie A,Torino FC,14,12,12,54,48,45
2015/16,Serie A,Torino FC,12,17,9,45,52,55
2016/17,Serie A,Torino FC,13,11,14,53,71,66
2017/18,Serie A,Torino FC,13,10,15,54,54,46
2018/19,Serie A,Torino FC,16,7,15,63,52,37
2019/20,Serie A,Torino FC,11,20,7,40,46,68
2020/21,Serie A,Torino FC,1,4,2,5,12,16
2010/11,Premier League,Tottenham Hotspur FC,16,8,14,62,55,46
2011/12,Premier League,Tottenham Hotspur FC,20,9,9,69,66,41
2012/13,Premier League,Tottenham Hotspur FC,21,8,9,72,66,46
2013/14,Premier League,Tottenham Hotspur FC,21,11,6,69,55,51
2014/15,Premier League,Tottenham Hotspur FC,19,12,7,64,58,53
2015/16,Premier League,Tottenham Hotspur FC,19,6,13,70,69,35
2016/17,Premier League,Tottenham Hotspur FC,26,4,8,86,86,26
2017/18,Premier League,Tottenham Hotspur FC,23,7,8,77,74,36
2018/19,Premier League,Tottenham Hotspur FC,23,13,2,71,67,39
2019/20,Premier League,Tottenham Hotspur FC,16,11,11,59,61,47
2020/21,Premier League,Tottenham Hotspur FC,5,1,2,17,19,9
2014/15,Ligue 1,Toulouse FC,12,20,6,42,43,64
2015/16,Ligue 1,Toulouse FC,9,16,13,40,45,55
2016/17,Ligue 1,Toulouse FC,10,14,14,44,37,41
2017/18,Ligue 1,Toulouse FC,9,19,10,37,38,54
2018/19,Ligue 1,Toulouse FC,8,16,14,38,35,57
2019/20,Ligue 1,Toulouse FC,3,21,4,13,22,58
2013/14,Serie A,UC Sampdoria,12,17,9,45,48,62
2014/15,Serie A,UC Sampdoria,13,8,17,56,48,42
2015/16,Serie A,UC Sampdoria,10,18,10,40,48,61
2016/17,Serie A,UC Sampdoria,12,14,12,48,49,55
2017/18,Serie A,UC Sampdoria,16,16,6,54,56,60
2018/19,Serie A,UC Sampdoria,15,15,8,53,60,51
2019/20,Serie A,UC Sampdoria,12,20,6,42,48,65
2020/21,Serie A,UC Sampdoria,3,3,1,10,11,11
2013/14,Primera División,UD Almería,11,20,7,40,43,71
2014/15,Primera División,UD Almería,8,22,8,32,35,64
2015/16,Primera División,UD Las Palmas,12,18,8,44,45,53
2016/17,Primera División,UD Las Palmas,10,19,9,39,53,74
2017/18,Primera División,UD Las Palmas,5,26,7,22,24,74
2019/20,Serie A,US Lecce,9,21,8,35,52,85
2013/14,Serie A,US Sassuolo Calcio,9,22,7,34,43,72
2014/15,Serie A,US Sassuolo Calcio,12,13,13,49,49,57
2015/16,Serie A,US Sassuolo Calcio,16,9,13,61,49,40
2016/17,Serie A,US Sassuolo Calcio,13,18,7,46,58,63
2017/18,Serie A,US Sassuolo Calcio,11,17,10,43,29,59
2018/19,Serie A,US Sassuolo Calcio,9,13,16,43,53,60
2019/20,Serie A,US Sassuolo Calcio,14,15,9,51,69,63
2020/21,Serie A,US Sassuolo Calcio,4,0,3,15,18,9
2013/14,Serie A,Udinese Calcio,12,18,8,44,46,57
2014/15,Serie A,Udinese Calcio,10,17,11,41,43,56
2015/16,Serie A,Udinese Calcio,10,19,9,39,35,60
2016/17,Serie A,Udinese Calcio,12,17,9,45,47,56
2017/18,Serie A,Udinese Calcio,12,22,4,40,48,63
2018/19,Serie A,Udinese Calcio,11,17,10,43,39,53
2019/20,Serie A,Udinese Calcio,12,17,9,45,37,51
2020/21,Serie A,Udinese Calcio,1,5,1,4,6,11
2012/13,Primera División,Valencia CF,19,11,8,65,67,54
2013/14,Primera División,Valencia CF,13,15,10,49,51,53
2014/15,Primera División,Valencia CF,22,5,11,77,70,32
2015/16,Primera División,Valencia CF,11,16,11,44,46,48
2016/17,Primera División,Valencia CF,13,18,7,46,56,65
2017/18,Primera División,Valencia CF,22,9,7,73,65,38
2018/19,Primera División,Valencia CF,15,7,16,61,51,35
2019/20,Primera División,Valencia CF,14,13,11,53,46,53
2020/21,Primera División,Valencia CF,3,4,2,11,15,14
2010/11,Bundesliga,VfB Stuttgart,12,16,6,42,60,59
2011/12,Bundesliga,VfB Stuttgart,15,11,8,53,63,46
2012/13,Bundesliga,VfB Stuttgart,12,15,7,43,37,55
2013/14,Bundesliga,VfB Stuttgart,8,18,8,32,49,62
2014/15,Bundesliga,VfB Stuttgart,9,16,9,36,42,60
2015/16,Bundesliga,VfB Stuttgart,9,19,6,33,50,75
2017/18,Bundesliga,VfB Stuttgart,15,13,6,51,36,36
2018/19,Bundesliga,VfB Stuttgart,7,20,7,28,32,70
2020/21,Bundesliga,VfB Stuttgart,2,1,4,10,13,9
2010/11,Bundesliga,VfL Wolfsburg,9,14,11,38,43,48
2011/12,Bundesliga,VfL Wolfsburg,13,16,5,44,47,60
2012/13,Bundesliga,VfL Wolfsburg,10,11,13,43,47,52
2013/14,Bundesliga,VfL Wolfsburg,18,10,6,60,63,50
2014/15,Bundesliga,VfL Wolfsburg,20,5,9,69,72,38
2015/16,Bundesliga,VfL Wolfsburg,12,13,9,45,47,49
2016/17,Bundesliga,VfL Wolfsburg,10,17,7,37,34,52
2017/18,Bundesliga,VfL Wolfsburg,6,13,15,33,36,48
2018/19,Bundesliga,VfL Wolfsburg,16,11,7,55,62,50
2019/20,Bundesliga,VfL Wolfsburg,13,11,10,49,48,46
2020/21,Bundesliga,VfL Wolfsburg,2,0,5,11,7,5
2013/14,Primera División,Villarreal CF,17,13,8,59,60,44
2014/15,Primera División,Villarreal CF,16,10,12,60,48,37
2015/16,Primera División,Villarreal CF,18,10,10,64,44,35
2016/17,Primera División,Villarreal CF,19,9,10,67,56,33
2017/18,Primera División,Villarreal CF,18,13,7,61,57,50
2018/19,Primera División,Villarreal CF,10,14,14,44,49,52
2019/20,Primera División,Villarreal CF,18,14,6,60,63,49
2020/21,Primera División,Villarreal CF,5,1,3,18,13,9
2019/20,Bundesliga,WSG Tirol,6,18,8,26,34,66
2020/21,Bundesliga,WSG Tirol,2,3,2,8,7,12
2015/16,Premier League,Watford FC,12,17,9,45,40,50
2016/17,Premier League,Watford FC,11,20,7,40,40,68
2017/18,Premier League,Watford FC,11,19,8,41,44,64
2018/19,Premier League,Watford FC,14,16,8,50,52,59
2019/20,Premier League,Watford FC,8,20,10,34,36,64
2010/11,Bundesliga,Werder Bremen,10,13,11,41,47,61
2011/12,Bundesliga,Werder Bremen,11,14,9,42,49,58
2012/13,Bundesliga,Werder Bremen,8,16,10,34,50,66
2013/14,Bundesliga,Werder Bremen,10,15,9,39,42,66
2014/15,Bundesliga,Werder Bremen,11,13,10,43,50,65
2015/16,Bundesliga,Werder Bremen,10,16,8,38,50,65
2016/17,Bundesliga,Werder Bremen,13,15,6,45,61,64
2017/18,Bundesliga,Werder Bremen,10,12,12,42,37,40
2018/19,Bundesliga,Werder Bremen,14,9,11,53,58,49
2019/20,Bundesliga,Werder Bremen,8,19,7,31,42,69
2020/21,Bundesliga,Werder Bremen,2,1,4,10,9,9
2010/11,Premier League,West Bromwich Albion FC,12,15,11,47,56,71
2011/12,Premier League,West Bromwich Albion FC,13,17,8,47,45,52
2012/13,Premier League,West Bromwich Albion FC,14,17,7,49,53,57
2013/14,Premier League,West Bromwich Albion FC,7,16,15,36,43,59
2014/15,Premier League,West Bromwich Albion FC,11,16,11,44,38,51
2015/16,Premier League,West Bromwich Albion FC,10,15,13,43,34,48
2016/17,Premier League,West Bromwich Albion FC,12,17,9,45,43,51
2017/18,Premier League,West Bromwich Albion FC,6,19,13,31,31,56
2020/21,Premier League,West Bromwich Albion FC,0,5,3,3,6,17
2010/11,Premier League,West Ham United FC,7,19,12,33,43,70
2012/13,Premier League,West Ham United FC,12,16,10,46,45,53
2013/14,Premier League,West Ham United FC,11,20,7,40,40,51
2014/15,Premier League,West Ham United FC,12,15,11,47,44,47
2015/16,Premier League,West Ham United FC,16,8,14,62,65,51
2016/17,Premier League,West Ham United FC,12,17,9,45,47,64
2017/18,Premier League,West Ham United FC,10,16,12,42,48,68
2018/19,Premier League,West Ham United FC,15,16,7,52,52,55
2019/20,Premier League,West Ham United FC,10,19,9,39,49,62
2020/21,Premier League,West Ham United FC,3,3,2,11,14,10
2010/11,Premier League,Wigan Athletic FC,9,14,15,42,40,61
2011/12,Premier League,Wigan Athletic FC,11,17,10,43,42,62
2012/13,Premier League,Wigan Athletic FC,9,20,9,36,47,73
2012/13,Bundesliga,Wolfsberger AC,12,13,11,47,53,56
2013/14,Bundesliga,Wolfsberger AC,11,17,8,41,50,63
2014/15,Bundesliga,Wolfsberger AC,16,16,4,52,44,50
2015/16,Bundesliga,Wolfsberger AC,11,15,10,43,33,36
2016/17,Bundesliga,Wolfsberger AC,11,16,9,42,40,59
2017/18,Bundesliga,Wolfsberger AC,8,19,9,33,31,57
2018/19,Bundesliga,Wolfsberger AC,12,10,10,46,47,47
2019/20,Bundesliga,Wolfsberger AC,15,8,9,54,69,43
2020/21,Bundesliga,Wolfsberger AC,2,4,0,6,12,15
2010/11,Premier League,Wolverhampton Wanderers FC,11,20,7,40,46,66
2011/12,Premier League,Wolverhampton Wanderers FC,5,23,10,25,40,82
2018/19,Premier League,Wolverhampton Wanderers FC,16,13,9,57,47,46
2019/20,Premier League,Wolverhampton Wanderers FC,15,9,14,59,51,40
2020/21,Premier League,Wolverhampton Wanderers FC,4,3,1,13,8,9
2014/15,Ligue 1,Évian TG FC,11,23,4,37,41,62
