team,total_goals_scored,total_goals_received,fee,total_matches,season,league
1. FC Kaiserslautern,24,54,5967000,34,all,all
1. FC Köln,255,350,101442000,211,all,all
1. FC Nürnberg,140,234,17118000,136,all,all
1. FC Union Berlin,57,65,8010000,41,all,all
1. FSV Mainz 05,411,487,143164000,313,all,all
AC Cesena (1940-2018),36,73,8865000,38,all,all
AC Chievo Verona,209,335,39328000,228,all,all
AC Milan,409,318,635952000,273,all,all
ACF Fiorentina,411,340,309144000,273,all,all
AFC Bournemouth,241,330,248100000,190,all,all
AS Livorno Calcio,39,77,4338000,38,all,all
AS Monaco,399,267,632755000,228,all,all
AS Nancy Lorraine,29,52,2070000,38,all,all
AS Roma,519,273,705580000,273,all,all
AS Saint-Étienne,279,260,74790000,228,all,all
Amiens SC,99,144,29042000,104,all,all
Angers SCO,209,241,39105000,190,all,all
Arminia Bielefeld,4,15,900000,7,all,all
Arsenal FC,639,403,862796000,350,all,all
Aston Villa FC,240,392,350530000,235,all,all
Atalanta BC,241,235,104006000,190,all,all
Athletic Club Bilbao,393,374,101520000,312,all,all
Atlético Madrid,523,211,901855000,311,all,all
Bayer 04 Leverkusen,550,404,390457000,313,all,all
Bayern München,825,223,672800000,313,all,all
Benevento,43,104,31132000,45,all,all
Blackburn Rovers FC,48,78,18500000,38,all,all
Bologna FC,252,347,164824000,235,all,all
Bolton Wanderers FC,46,77,14040000,38,all,all
Bor. Mönchengladbach,498,387,221190000,313,all,all
Borussia Dortmund,686,358,624258000,313,all,all
Brescia Calcio,35,79,16790000,38,all,all
Brighton & Hove Albion FC,119,182,247204000,122,all,all
Burnley FC,194,277,132720000,197,all,all
CA Osasuna,158,268,24400000,160,all,all
CD Leganés,137,200,41985000,152,all,all
Cagliari Calcio,272,383,142766000,235,all,all
Calcio Catania,34,66,7535000,38,all,all
Cardiff City FC,66,143,87333000,76,all,all
Carpi,37,57,270000,38,all,all
Chelsea FC,642,371,1313110000,350,all,all
Crystal Palace FC,308,383,252489000,274,all,all
Cádiz CF,8,10,9360000,9,all,all
Córdoba CF,22,68,675000,38,all,all
Deportivo Alavés,161,212,35513000,161,all,all
Dijon FCO,164,247,37395000,152,all,all
EA Guingamp,210,291,8447000,190,all,all
ES Troyes AC,60,142,270000,76,all,all
Eintracht Braunschweig,29,60,1620000,34,all,all
Eintracht Frankfurt,389,425,158316000,279,all,all
Elche CF,72,120,7646000,83,all,all
Empoli,166,232,28359000,152,all,all
Everton FC,493,442,685888000,350,all,all
FC Augsburg,384,483,106854000,313,all,all
FC Barcelona,843,271,1270150000,311,all,all
FC Crotone,80,141,15435000,83,all,all
FC Ingolstadt 04,69,99,12735000,68,all,all
FC Internazionale Milano,463,284,775194000,273,all,all
FC Lorient,147,195,55325000,124,all,all
FC Metz,142,252,32985000,152,all,all
FC Nantes,225,271,55683000,227,all,all
FC Schalke 04,466,438,237740000,313,all,all
Fortuna Düsseldorf,124,189,19180000,102,all,all
Frosinone,64,145,8960000,76,all,all
Fulham FC,179,292,188500000,160,all,all
GFC Ajaccio,37,58,0,38,all,all
Genoa CFC,312,397,220125000,273,all,all
Getafe CF,289,356,86968000,274,all,all
Girona FC,87,112,17060000,76,all,all
Girondins de Bordeaux,286,279,91300000,228,all,all
Granada CF,235,381,70882000,236,all,all
Hamburger SV,255,395,147470000,238,all,all
Hannover 96,293,409,81878000,238,all,all
Hellas Verona,57,56,36399000,45,all,all
Hertha BSC,352,428,191610000,279,all,all
Huddersfield Town AFC,50,134,96710000,76,all,all
Hull City AFC,108,184,107411000,114,all,all
Juventus,551,197,1111327000,273,all,all
Leeds United FC,14,17,112820000,8,all,all
Leicester City FC,354,312,511610000,236,all,all
Levante UD,304,427,54900000,274,all,all
Lille OSC,283,250,233190000,228,all,all
Liverpool FC,688,382,899318000,350,all,all
Manchester City FC,808,312,1374947000,349,all,all
Manchester United FC,615,352,1218910000,349,all,all
Middlesbrough FC,27,53,43160000,38,all,all
Montpellier HSC,283,274,55418000,228,all,all
Málaga CF,245,295,34579000,228,all,all
Newcastle United FC,357,472,389543000,312,all,all
Norwich City FC,186,328,101501000,190,all,all
Nîmes Olympique,96,121,26100000,76,all,all
OGC Nice,304,267,140110000,228,all,all
Olympique Lyonnais,432,251,306770000,228,all,all
Olympique de Marseille,374,261,232425000,227,all,all
Palermo,124,197,36385000,114,all,all
Paris Saint-Germain,582,173,832590000,227,all,all
Parma,196,252,160494000,159,all,all
Queens Park Rangers FC,115,199,108114000,114,all,all
RB Leipzig,282,162,286280000,143,all,all
RC Celta Vigo,392,464,109575000,313,all,all
RC Lens,46,75,17100000,46,all,all
RCD Espanyol,331,428,113675000,304,all,all
RCD La Coruña,208,328,23985000,190,all,all
RCD Mallorca,83,137,10080000,76,all,all
Rayo Vallecano,235,357,11880000,190,all,all
Reading FC,43,73,9738000,38,all,all
Real Betis,332,440,195400000,275,all,all
Real Madrid,782,317,909680000,312,all,all
Real Sociedad,467,413,117315000,313,all,all
Real Valladolid CF,158,226,18725000,161,all,all
Real Zaragoza,37,62,1620000,38,all,all
SC Bastia,102,142,315000,114,all,all
SC Freiburg,345,449,103007000,279,all,all
SC Paderborn 07,68,139,2430000,68,all,all
SD Eibar,274,332,42311000,237,all,all
SD Huesca,50,80,11025000,47,all,all
SPAL Ferrara,110,192,50248000,114,all,all
SS Lazio,486,345,242118000,273,all,all
SSC Napoli,548,286,625106000,273,all,all
SV Darmstadt 98,66,116,4680000,68,all,all
Sevilla FC,490,395,550000000,311,all,all
Sheffield United FC,43,53,144190000,46,all,all
Southampton FC,406,421,489170000,312,all,all
SpVgg Greuther Fürth,26,60,3465000,34,all,all
Spezia,11,15,5265000,7,all,all
Sporting Gijón,82,134,900000,76,all,all
Stade Brestois 29,49,59,21240000,38,all,all
Stade Malherbe Caen,185,278,25205000,190,all,all
Stade Rennais FC,284,272,225404000,228,all,all
Stade de Reims,172,204,42840000,152,all,all
Stoke City FC,280,374,186680000,266,all,all
Sunderland AFC,235,344,207850000,228,all,all
Swansea City FC,306,383,229288000,266,all,all
TSG 1899 Hoffenheim,507,495,195919000,313,all,all
Torino FC,393,381,221920000,273,all,all
Tottenham Hotspur FC,621,383,701270000,350,all,all
Toulouse FC,220,329,49370000,218,all,all
UC Sampdoria,368,407,274531000,273,all,all
UD Almería,78,135,0,76,all,all
UD Las Palmas,122,201,8685000,114,all,all
US Lecce,52,85,5535000,38,all,all
US Sassuolo Calcio,368,423,260173000,273,all,all
Udinese Calcio,301,407,167964000,273,all,all
Valencia CF,467,392,484268000,313,all,all
VfB Stuttgart,322,413,122690000,245,all,all
VfL Wolfsburg,463,450,456530000,313,all,all
Villarreal CF,390,309,319100000,275,all,all
Watford FC,212,305,273155000,190,all,all
Werder Bremen,448,551,130652000,313,all,all
West Bromwich Albion FC,293,391,192444000,274,all,all
West Ham United FC,404,461,472821000,312,all,all
Wigan Athletic FC,89,135,20622000,76,all,all
Wolverhampton Wanderers FC,146,177,295120000,122,all,all
Évian TG FC,41,62,2025000,38,all,all
1. FC Kaiserslautern,24,54,5967000,34,2011/12,Bundesliga
1. FC Köln,39,75,5292000,34,2011/12,Bundesliga
1. FC Köln,34,40,7560000,34,2014/15,Bundesliga
1. FC Köln,38,42,13300000,34,2015/16,Bundesliga
1. FC Köln,51,42,7520000,34,2016/17,Bundesliga
1. FC Köln,35,70,36000000,34,2017/18,Bundesliga
1. FC Köln,51,69,16200000,34,2019/20,Bundesliga
1. FC Köln,7,12,15570000,7,2020/21,Bundesliga
1. FC Nürnberg,38,49,3735000,34,2011/12,Bundesliga
1. FC Nürnberg,39,47,2430000,34,2012/13,Bundesliga
1. FC Nürnberg,37,70,6588000,34,2013/14,Bundesliga
1. FC Nürnberg,26,68,4365000,34,2018/19,Bundesliga
1. FC Union Berlin,41,58,6660000,34,2019/20,Bundesliga
1. FC Union Berlin,16,7,1350000,7,2020/21,Bundesliga
1. FSV Mainz 05,47,51,9810000,34,2011/12,Bundesliga
1. FSV Mainz 05,42,44,3762000,34,2012/13,Bundesliga
1. FSV Mainz 05,52,54,12785000,34,2013/14,Bundesliga
1. FSV Mainz 05,45,47,8213000,34,2014/15,Bundesliga
1. FSV Mainz 05,46,42,12465000,34,2015/16,Bundesliga
1. FSV Mainz 05,44,55,26284000,34,2016/17,Bundesliga
1. FSV Mainz 05,38,52,14900000,34,2017/18,Bundesliga
1. FSV Mainz 05,46,57,27000000,34,2018/19,Bundesliga
1. FSV Mainz 05,44,65,26145000,34,2019/20,Bundesliga
1. FSV Mainz 05,7,20,1800000,7,2020/21,Bundesliga
AC Cesena (1940-2018),36,73,8865000,38,2014/15,Serie A
AC Chievo Verona,34,54,3510000,38,2013/14,Serie A
AC Chievo Verona,28,41,7740000,38,2014/15,Serie A
AC Chievo Verona,43,45,5535000,38,2015/16,Serie A
AC Chievo Verona,43,61,11320000,38,2016/17,Serie A
AC Chievo Verona,36,59,2655000,38,2017/18,Serie A
AC Chievo Verona,25,75,8568000,38,2018/19,Serie A
AC Milan,57,49,38810000,38,2013/14,Serie A
AC Milan,56,50,15215000,38,2014/15,Serie A
AC Milan,49,43,92043000,38,2015/16,Serie A
AC Milan,57,45,26600000,38,2016/17,Serie A
AC Milan,56,42,175032000,38,2017/18,Serie A
AC Milan,55,36,169020000,38,2018/19,Serie A
AC Milan,63,46,94050000,38,2019/20,Serie A
AC Milan,16,7,25182000,7,2020/21,Serie A
ACF Fiorentina,65,44,47970000,38,2013/14,Serie A
ACF Fiorentina,61,46,8190000,38,2014/15,Serie A
ACF Fiorentina,60,42,31410000,38,2015/16,Serie A
ACF Fiorentina,63,57,14157000,38,2016/17,Serie A
ACF Fiorentina,54,46,71190000,38,2017/18,Serie A
ACF Fiorentina,47,45,51407000,38,2018/19,Serie A
ACF Fiorentina,51,48,40720000,38,2019/20,Serie A
ACF Fiorentina,10,12,44100000,7,2020/21,Serie A
AFC Bournemouth,45,67,49604000,38,2015/16,Premier League
AFC Bournemouth,55,67,36626000,38,2016/17,Premier League
AFC Bournemouth,45,61,30870000,38,2017/18,Premier League
AFC Bournemouth,56,70,80190000,38,2018/19,Premier League
AFC Bournemouth,40,65,50810000,38,2019/20,Premier League
AS Livorno Calcio,39,77,4338000,38,2013/14,Serie A
AS Monaco,51,26,35780000,38,2014/15,Ligue 1
AS Monaco,57,50,90950000,38,2015/16,Ligue 1
AS Monaco,107,31,45450000,38,2016/17,Ligue 1
AS Monaco,85,45,110160000,38,2017/18,Ligue 1
AS Monaco,38,57,133965000,38,2018/19,Ligue 1
AS Monaco,44,44,180000000,28,2019/20,Ligue 1
AS Monaco,17,14,36450000,10,2020/21,Ligue 1
AS Nancy Lorraine,29,52,2070000,38,2016/17,Ligue 1
AS Roma,72,25,67851000,38,2013/14,Serie A
AS Roma,54,31,89565000,38,2014/15,Serie A
AS Roma,83,41,54094000,38,2015/16,Serie A
AS Roma,90,38,92340000,38,2016/17,Serie A
AS Roma,61,28,82040000,38,2017/18,Serie A
AS Roma,66,48,147700000,38,2018/19,Serie A
AS Roma,77,51,102690000,38,2019/20,Serie A
AS Roma,16,11,69300000,7,2020/21,Serie A
AS Saint-Étienne,51,30,3600000,38,2014/15,Ligue 1
AS Saint-Étienne,42,37,18270000,38,2015/16,Ligue 1
AS Saint-Étienne,41,42,6300000,38,2016/17,Ligue 1
AS Saint-Étienne,47,50,17370000,38,2017/18,Ligue 1
AS Saint-Étienne,59,41,13500000,38,2018/19,Ligue 1
AS Saint-Étienne,29,45,11700000,28,2019/20,Ligue 1
AS Saint-Étienne,10,15,4050000,10,2020/21,Ligue 1
Amiens SC,37,42,5967000,38,2017/18,Ligue 1
Amiens SC,31,52,6735000,38,2018/19,Ligue 1
Amiens SC,31,50,16340000,28,2019/20,Ligue 1
Angers SCO,40,38,0,38,2015/16,Ligue 1
Angers SCO,40,49,4680000,38,2016/17,Ligue 1
Angers SCO,42,52,11160000,38,2017/18,Ligue 1
Angers SCO,44,49,4005000,38,2018/19,Ligue 1
Angers SCO,28,33,9360000,28,2019/20,Ligue 1
Angers SCO,15,20,9900000,10,2020/21,Ligue 1
Arminia Bielefeld,4,15,900000,7,2020/21,Bundesliga
Arsenal FC,74,49,58925000,38,2011/12,Premier League
Arsenal FC,72,37,50400000,38,2012/13,Premier League
Arsenal FC,68,41,44325000,38,2013/14,Premier League
Arsenal FC,71,36,107090000,38,2014/15,Premier League
Arsenal FC,65,36,23850000,38,2015/16,Premier League
Arsenal FC,77,44,101736000,38,2016/17,Premier League
Arsenal FC,74,51,137570000,38,2017/18,Premier League
Arsenal FC,73,51,72140000,38,2018/19,Premier League
Arsenal FC,56,48,144360000,38,2019/20,Premier League
Arsenal FC,9,10,122400000,8,2020/21,Premier League
Aston Villa FC,37,53,18307000,38,2011/12,Premier League
Aston Villa FC,47,69,25057000,38,2012/13,Premier League
Aston Villa FC,39,61,17856000,38,2013/14,Premier League
Aston Villa FC,31,57,12105000,38,2014/15,Premier League
Aston Villa FC,27,76,59895000,38,2015/16,Premier League
Aston Villa FC,41,67,143190000,38,2019/20,Premier League
Aston Villa FC,18,9,74120000,7,2020/21,Premier League
Atalanta BC,43,51,10198000,38,2013/14,Serie A
Atalanta BC,38,57,9978000,38,2014/15,Serie A
Atalanta BC,41,47,21314000,38,2015/16,Serie A
Atalanta BC,62,41,12906000,38,2016/17,Serie A
Atalanta BC,57,39,49610000,38,2017/18,Serie A
Athletic Club Bilbao,44,65,2250000,38,2012/13,Primera División
Athletic Club Bilbao,66,39,13860000,38,2013/14,Primera División
Athletic Club Bilbao,42,41,900000,38,2014/15,Primera División
Athletic Club Bilbao,58,45,7200000,38,2015/16,Primera División
Athletic Club Bilbao,53,43,0,38,2016/17,Primera División
Athletic Club Bilbao,41,49,28800000,38,2017/18,Primera División
Athletic Club Bilbao,41,45,29610000,38,2018/19,Primera División
Athletic Club Bilbao,41,38,0,38,2019/20,Primera División
Athletic Club Bilbao,7,9,18900000,8,2020/21,Primera División
Atlético Madrid,65,31,4050000,38,2012/13,Primera División
Atlético Madrid,77,26,32400000,38,2013/14,Primera División
Atlético Madrid,67,29,128655000,38,2014/15,Primera División
Atlético Madrid,63,18,129250000,38,2015/16,Primera División
Atlético Madrid,70,27,71100000,38,2016/17,Primera División
Atlético Madrid,58,22,91800000,38,2017/18,Primera División
Atlético Madrid,55,29,144450000,38,2018/19,Primera División
Atlético Madrid,51,27,219150000,38,2019/20,Primera División
Atlético Madrid,17,2,81000000,7,2020/21,Primera División
Bayer 04 Leverkusen,52,44,18279000,34,2011/12,Bundesliga
Bayer 04 Leverkusen,65,39,18810000,34,2012/13,Bundesliga
Bayer 04 Leverkusen,60,41,20228000,34,2013/14,Bundesliga
Bayer 04 Leverkusen,62,37,33350000,34,2014/15,Bundesliga
Bayer 04 Leverkusen,56,40,52200000,34,2015/16,Bundesliga
Bayer 04 Leverkusen,53,55,54090000,34,2016/17,Bundesliga
Bayer 04 Leverkusen,58,44,50400000,34,2017/18,Bundesliga
Bayer 04 Leverkusen,69,52,28350000,34,2018/19,Bundesliga
Bayer 04 Leverkusen,61,44,86400000,34,2019/20,Bundesliga
Bayer 04 Leverkusen,14,8,28350000,7,2020/21,Bundesliga
Bayern München,77,22,46890000,34,2011/12,Bundesliga
Bayern München,98,18,63270000,34,2012/13,Bundesliga
Bayern München,94,23,55800000,34,2013/14,Bundesliga
Bayern München,80,18,48060000,34,2014/15,Bundesliga
Bayern München,80,17,81680000,34,2015/16,Bundesliga
Bayern München,89,22,63000000,34,2016/17,Bundesliga
Bayern München,92,28,104850000,34,2017/18,Bundesliga
Bayern München,88,32,9000000,34,2018/19,Bundesliga
Bayern München,100,32,129150000,34,2019/20,Bundesliga
Bayern München,27,11,71100000,7,2020/21,Bundesliga
Benevento,33,84,20782000,38,2017/18,Serie A
Benevento,10,20,10350000,7,2020/21,Serie A
Blackburn Rovers FC,48,78,18500000,38,2011/12,Premier League
Bologna FC,28,58,5941000,38,2013/14,Serie A
Bologna FC,33,45,23965000,38,2015/16,Serie A
Bologna FC,40,58,28170000,38,2016/17,Serie A
Bologna FC,40,52,11700000,38,2017/18,Serie A
Bologna FC,48,56,28094000,38,2018/19,Serie A
Bologna FC,52,65,64434000,38,2019/20,Serie A
Bologna FC,11,13,2520000,7,2020/21,Serie A
Bolton Wanderers FC,46,77,14040000,38,2011/12,Premier League
Bor. Mönchengladbach,49,24,2385000,34,2011/12,Bundesliga
Bor. Mönchengladbach,45,49,28260000,34,2012/13,Bundesliga
Bor. Mönchengladbach,59,43,7110000,34,2013/14,Bundesliga
Bor. Mönchengladbach,53,26,11480000,34,2014/15,Bundesliga
Bor. Mönchengladbach,67,50,34200000,34,2015/16,Bundesliga
Bor. Mönchengladbach,45,49,34430000,34,2016/17,Bundesliga
Bor. Mönchengladbach,47,52,33525000,34,2017/18,Bundesliga
Bor. Mönchengladbach,55,42,29300000,34,2018/19,Bundesliga
Bor. Mönchengladbach,66,40,36450000,34,2019/20,Bundesliga
Bor. Mönchengladbach,12,12,4050000,7,2020/21,Bundesliga
Borussia Dortmund,80,25,10103000,34,2011/12,Bundesliga
Borussia Dortmund,81,42,23985000,34,2012/13,Bundesliga
Borussia Dortmund,80,38,47340000,34,2013/14,Bundesliga
Borussia Dortmund,47,42,58680000,34,2014/15,Bundesliga
Borussia Dortmund,82,34,18000000,34,2015/16,Bundesliga
Borussia Dortmund,72,40,109000000,34,2016/17,Bundesliga
Borussia Dortmund,64,47,98850000,34,2017/18,Bundesliga
Borussia Dortmund,81,44,81450000,34,2018/19,Bundesliga
Borussia Dortmund,84,41,133650000,34,2019/20,Bundesliga
Borussia Dortmund,15,5,43200000,7,2020/21,Bundesliga
Brescia Calcio,35,79,16790000,38,2019/20,Serie A
Brighton & Hove Albion FC,34,54,60300000,38,2017/18,Premier League
Brighton & Hove Albion FC,35,60,79854000,38,2018/19,Premier League
Brighton & Hove Albion FC,39,54,67450000,38,2019/20,Premier League
Brighton & Hove Albion FC,11,14,39600000,8,2020/21,Premier League
Burnley FC,28,53,11354000,38,2014/15,Premier League
Burnley FC,39,55,41040000,38,2016/17,Premier League
Burnley FC,36,39,32166000,38,2017/18,Premier League
Burnley FC,45,68,29700000,38,2018/19,Premier League
Burnley FC,43,50,17470000,38,2019/20,Premier League
Burnley FC,3,12,990000,7,2020/21,Premier League
CA Osasuna,33,50,540000,38,2012/13,Primera División
CA Osasuna,32,62,2790000,38,2013/14,Primera División
CA Osasuna,40,94,1980000,38,2016/17,Primera División
CA Osasuna,46,54,12785000,38,2019/20,Primera División
CA Osasuna,7,8,6305000,8,2020/21,Primera División
CD Leganés,36,55,4905000,38,2016/17,Primera División
CD Leganés,34,51,5490000,38,2017/18,Primera División
CD Leganés,37,43,16830000,38,2018/19,Primera División
CD Leganés,30,51,14760000,38,2019/20,Primera División
Cagliari Calcio,34,53,1620000,38,2013/14,Serie A
Cagliari Calcio,48,68,20345000,38,2014/15,Serie A
Cagliari Calcio,55,76,8316000,38,2016/17,Serie A
Cagliari Calcio,33,61,27977000,38,2017/18,Serie A
Cagliari Calcio,36,54,20248000,38,2018/19,Serie A
Cagliari Calcio,52,56,38160000,38,2019/20,Serie A
Cagliari Calcio,14,15,26100000,7,2020/21,Serie A
Calcio Catania,34,66,7535000,38,2013/14,Serie A
Cardiff City FC,32,74,41243000,38,2013/14,Premier League
Cardiff City FC,34,69,46090000,38,2018/19,Premier League
Carpi,37,57,270000,38,2015/16,Serie A
Chelsea FC,65,46,86810000,38,2011/12,Premier League
Chelsea FC,75,39,98730000,38,2012/13,Premier League
Chelsea FC,71,27,117320000,38,2013/14,Premier League
Chelsea FC,73,32,123930000,38,2014/15,Premier League
Chelsea FC,59,53,81450000,38,2015/16,Premier League
Chelsea FC,85,33,119520000,38,2016/17,Premier League
Chelsea FC,62,38,234450000,38,2017/18,Premier League
Chelsea FC,63,39,187920000,38,2018/19,Premier League
Chelsea FC,69,54,40500000,38,2019/20,Premier League
Chelsea FC,20,10,222480000,8,2020/21,Premier League
Crystal Palace FC,33,48,29703000,38,2013/14,Premier League
Crystal Palace FC,47,51,28106000,38,2014/15,Premier League
Crystal Palace FC,39,51,25920000,38,2015/16,Premier League
Crystal Palace FC,50,63,91170000,38,2016/17,Premier League
Crystal Palace FC,45,55,44060000,38,2017/18,Premier League
Crystal Palace FC,51,53,10670000,38,2018/19,Premier League
Crystal Palace FC,31,50,6840000,38,2019/20,Premier League
Crystal Palace FC,12,12,16020000,8,2020/21,Premier League
Cádiz CF,8,10,9360000,9,2020/21,Primera División
Córdoba CF,22,68,675000,38,2014/15,Primera División
Deportivo Alavés,41,43,5695000,38,2016/17,Primera División
Deportivo Alavés,40,50,11100000,38,2017/18,Primera División
Deportivo Alavés,39,50,9018000,38,2018/19,Primera División
Deportivo Alavés,34,59,9700000,38,2019/20,Primera División
Deportivo Alavés,7,10,0,9,2020/21,Primera División
Dijon FCO,46,58,2835000,38,2016/17,Ligue 1
Dijon FCO,55,73,4950000,38,2017/18,Ligue 1
Dijon FCO,31,60,8280000,38,2018/19,Ligue 1
Dijon FCO,27,37,7470000,28,2019/20,Ligue 1
Dijon FCO,5,19,13860000,10,2020/21,Ligue 1
EA Guingamp,41,55,2304000,38,2014/15,Ligue 1
EA Guingamp,47,56,1755000,38,2015/16,Ligue 1
EA Guingamp,46,53,0,38,2016/17,Ligue 1
EA Guingamp,48,59,1238000,38,2017/18,Ligue 1
EA Guingamp,28,68,3150000,38,2018/19,Ligue 1
ES Troyes AC,28,83,270000,38,2015/16,Ligue 1
ES Troyes AC,32,59,0,38,2017/18,Ligue 1
Eintracht Braunschweig,29,60,1620000,34,2013/14,Bundesliga
Eintracht Frankfurt,49,46,7340000,34,2012/13,Bundesliga
Eintracht Frankfurt,40,57,6728000,34,2013/14,Bundesliga
Eintracht Frankfurt,56,62,5850000,34,2014/15,Bundesliga
Eintracht Frankfurt,34,52,10643000,34,2015/16,Bundesliga
Eintracht Frankfurt,36,43,3420000,34,2016/17,Bundesliga
Eintracht Frankfurt,45,45,17280000,34,2017/18,Bundesliga
Eintracht Frankfurt,60,48,23805000,34,2018/19,Bundesliga
Eintracht Frankfurt,59,60,69750000,34,2019/20,Bundesliga
Eintracht Frankfurt,10,12,13500000,7,2020/21,Bundesliga
Elche CF,30,50,585000,38,2013/14,Primera División
Elche CF,35,62,1211000,38,2014/15,Primera División
Elche CF,7,8,5850000,7,2020/21,Primera División
Empoli,46,52,774000,38,2014/15,Serie A
Empoli,40,49,5715000,38,2015/16,Serie A
Empoli,29,61,6300000,38,2016/17,Serie A
Empoli,51,70,15570000,38,2018/19,Serie A
Everton FC,50,40,6480000,38,2011/12,Premier League
Everton FC,55,40,19495000,38,2012/13,Premier League
Everton FC,61,39,28620000,38,2013/14,Premier League
Everton FC,48,50,36140000,38,2014/15,Premier League
Everton FC,59,55,44010000,38,2015/16,Premier League
Everton FC,62,44,77400000,38,2016/17,Premier League
Everton FC,44,58,182880000,38,2017/18,Premier League
Everton FC,54,46,89830000,38,2018/19,Premier League
Everton FC,44,56,108900000,38,2019/20,Premier League
Everton FC,16,14,92133000,8,2020/21,Premier League
FC Augsburg,36,49,1059000,34,2011/12,Bundesliga
FC Augsburg,33,51,2565000,34,2012/13,Bundesliga
FC Augsburg,47,47,4095000,34,2013/14,Bundesliga
FC Augsburg,43,43,11205000,34,2014/15,Bundesliga
FC Augsburg,42,52,15030000,34,2015/16,Bundesliga
FC Augsburg,35,51,21330000,34,2016/17,Bundesliga
FC Augsburg,43,46,6795000,34,2017/18,Bundesliga
FC Augsburg,51,71,5985000,34,2018/19,Bundesliga
FC Augsburg,45,63,28350000,34,2019/20,Bundesliga
FC Augsburg,9,10,10440000,7,2020/21,Bundesliga
FC Barcelona,115,40,29700000,38,2012/13,Primera División
FC Barcelona,100,33,91080000,38,2013/14,Primera División
FC Barcelona,110,21,150050000,38,2014/15,Primera División
FC Barcelona,112,29,45900000,38,2015/16,Primera División
FC Barcelona,116,37,112280000,38,2016/17,Primera División
FC Barcelona,99,29,348750000,38,2017/18,Primera División
FC Barcelona,90,36,116190000,38,2018/19,Primera División
FC Barcelona,86,38,245700000,38,2019/20,Primera División
FC Barcelona,15,8,130500000,7,2020/21,Primera División
FC Crotone,34,58,5355000,38,2016/17,Serie A
FC Crotone,40,66,2700000,38,2017/18,Serie A
FC Crotone,6,17,7380000,7,2020/21,Serie A
FC Ingolstadt 04,33,42,5580000,34,2015/16,Bundesliga
FC Ingolstadt 04,36,57,7155000,34,2016/17,Bundesliga
FC Internazionale Milano,62,39,53905000,38,2013/14,Serie A
FC Internazionale Milano,59,48,15260000,38,2014/15,Serie A
FC Internazionale Milano,50,38,92210000,38,2015/16,Serie A
FC Internazionale Milano,72,49,143600000,38,2016/17,Serie A
FC Internazionale Milano,66,30,123795000,38,2017/18,Serie A
FC Internazionale Milano,57,33,87840000,38,2018/19,Serie A
FC Internazionale Milano,81,36,171284000,38,2019/20,Serie A
FC Internazionale Milano,16,11,87300000,7,2020/21,Serie A
FC Lorient,44,50,7605000,38,2014/15,Ligue 1
FC Lorient,47,58,8930000,38,2015/16,Ligue 1
FC Lorient,44,70,7740000,38,2016/17,Ligue 1
FC Lorient,12,17,31050000,10,2020/21,Ligue 1
FC Metz,31,61,3240000,38,2014/15,Ligue 1
FC Metz,39,72,360000,38,2016/17,Ligue 1
FC Metz,34,76,3240000,38,2017/18,Ligue 1
FC Metz,27,35,12915000,28,2019/20,Ligue 1
FC Metz,11,8,13230000,10,2020/21,Ligue 1
FC Nantes,29,40,378000,38,2014/15,Ligue 1
FC Nantes,33,44,6300000,38,2015/16,Ligue 1
FC Nantes,40,54,4500000,38,2016/17,Ligue 1
FC Nantes,36,41,10170000,38,2017/18,Ligue 1
FC Nantes,48,48,12690000,38,2018/19,Ligue 1
FC Nantes,28,31,17145000,28,2019/20,Ligue 1
FC Nantes,11,13,4500000,9,2020/21,Ligue 1
FC Schalke 04,74,44,6570000,34,2011/12,Bundesliga
FC Schalke 04,58,50,5850000,34,2012/13,Bundesliga
FC Schalke 04,63,43,23450000,34,2013/14,Bundesliga
FC Schalke 04,42,40,3960000,34,2014/15,Bundesliga
FC Schalke 04,51,49,33390000,34,2015/16,Bundesliga
FC Schalke 04,45,40,38970000,34,2016/17,Bundesliga
FC Schalke 04,53,37,44370000,34,2017/18,Bundesliga
FC Schalke 04,37,55,55980000,34,2018/19,Bundesliga
FC Schalke 04,38,58,23400000,34,2019/20,Bundesliga
FC Schalke 04,5,22,1800000,7,2020/21,Bundesliga
Fortuna Düsseldorf,39,57,2745000,34,2012/13,Bundesliga
Fortuna Düsseldorf,49,65,6755000,34,2018/19,Bundesliga
Fortuna Düsseldorf,36,67,9680000,34,2019/20,Bundesliga
Frosinone,35,76,360000,38,2015/16,Serie A
Frosinone,29,69,8600000,38,2018/19,Serie A
Fulham FC,48,51,16310000,38,2011/12,Premier League
Fulham FC,50,60,9000000,38,2012/13,Premier League
Fulham FC,40,85,26370000,38,2013/14,Premier League
Fulham FC,34,81,104860000,38,2018/19,Premier League
Fulham FC,7,15,31960000,8,2020/21,Premier League
GFC Ajaccio,37,58,0,38,2015/16,Ligue 1
Genoa CFC,41,50,21094000,38,2013/14,Serie A
Genoa CFC,62,47,6705000,38,2014/15,Serie A
Genoa CFC,45,48,15030000,38,2015/16,Serie A
Genoa CFC,38,64,24480000,38,2016/17,Serie A
Genoa CFC,33,43,12753000,38,2017/18,Serie A
Genoa CFC,39,57,52493000,38,2018/19,Serie A
Genoa CFC,47,73,44145000,38,2019/20,Serie A
Genoa CFC,7,15,43425000,7,2020/21,Serie A
Getafe CF,43,57,5130000,38,2012/13,Primera División
Getafe CF,35,54,9000000,38,2013/14,Primera División
Getafe CF,33,64,0,38,2014/15,Primera División
Getafe CF,37,67,243000,38,2015/16,Primera División
Getafe CF,42,33,11615000,38,2017/18,Primera División
Getafe CF,48,35,24530000,38,2018/19,Primera División
Getafe CF,43,37,19350000,38,2019/20,Primera División
Getafe CF,8,9,17100000,8,2020/21,Primera División
Girona FC,50,59,7880000,38,2017/18,Primera División
Girona FC,37,53,9180000,38,2018/19,Primera División
Girondins de Bordeaux,47,44,6930000,38,2014/15,Ligue 1
Girondins de Bordeaux,50,57,9900000,38,2015/16,Ligue 1
Girondins de Bordeaux,53,43,10670000,38,2016/17,Ligue 1
Girondins de Bordeaux,53,48,29340000,38,2017/18,Ligue 1
Girondins de Bordeaux,34,42,19160000,38,2018/19,Ligue 1
Girondins de Bordeaux,40,34,15300000,28,2019/20,Ligue 1
Girondins de Bordeaux,9,11,0,10,2020/21,Ligue 1
Granada CF,37,54,11763000,38,2012/13,Primera División
Granada CF,32,56,5380000,38,2013/14,Primera División
Granada CF,29,64,7234000,38,2014/15,Primera División
Granada CF,46,69,3465000,38,2015/16,Primera División
Granada CF,30,82,10415000,38,2016/17,Primera División
Granada CF,52,45,7875000,38,2019/20,Primera División
Granada CF,9,11,24750000,8,2020/21,Primera División
Hamburger SV,35,57,12510000,34,2011/12,Bundesliga
Hamburger SV,42,53,24300000,34,2012/13,Bundesliga
Hamburger SV,51,75,2115000,34,2013/14,Bundesliga
Hamburger SV,25,50,32225000,34,2014/15,Bundesliga
Hamburger SV,40,46,19665000,34,2015/16,Bundesliga
Hamburger SV,33,61,39555000,34,2016/17,Bundesliga
Hamburger SV,29,53,17100000,34,2017/18,Bundesliga
Hannover 96,41,45,3780000,34,2011/12,Bundesliga
Hannover 96,60,62,8595000,34,2012/13,Bundesliga
Hannover 96,46,59,9455000,34,2013/14,Bundesliga
Hannover 96,40,56,9720000,34,2014/15,Bundesliga
Hannover 96,31,62,16560000,34,2015/16,Bundesliga
Hannover 96,44,54,17100000,34,2017/18,Bundesliga
Hannover 96,31,71,16668000,34,2018/19,Bundesliga
Hellas Verona,47,51,18669000,38,2019/20,Serie A
Hellas Verona,10,5,17730000,7,2020/21,Serie A
Hertha BSC,38,64,1260000,34,2011/12,Bundesliga
Hertha BSC,40,48,1170000,34,2013/14,Bundesliga
Hertha BSC,36,52,13050000,34,2014/15,Bundesliga
Hertha BSC,42,42,6570000,34,2015/16,Bundesliga
Hertha BSC,43,47,6030000,34,2016/17,Bundesliga
Hertha BSC,43,46,12600000,34,2017/18,Bundesliga
Hertha BSC,49,57,14400000,34,2018/19,Bundesliga
Hertha BSC,48,59,99630000,34,2019/20,Bundesliga
Hertha BSC,13,13,36900000,7,2020/21,Bundesliga
Huddersfield Town AFC,28,58,51080000,38,2017/18,Premier League
Huddersfield Town AFC,22,76,45630000,38,2018/19,Premier League
Hull City AFC,38,53,28000000,38,2013/14,Premier League
Hull City AFC,33,51,43411000,38,2014/15,Premier League
Hull City AFC,37,80,36000000,38,2016/17,Premier League
Juventus,80,23,40953000,38,2013/14,Serie A
Juventus,72,24,54090000,38,2014/15,Serie A
Juventus,75,20,139414000,38,2015/16,Serie A
Juventus,77,27,176220000,38,2016/17,Serie A
Juventus,86,24,147960000,38,2017/18,Serie A
Juventus,70,30,233730000,38,2018/19,Serie A
Juventus,76,43,201150000,38,2019/20,Serie A
Juventus,15,6,117810000,7,2020/21,Serie A
Leeds United FC,14,17,112820000,8,2020/21,Premier League
Leicester City FC,46,55,20570000,38,2014/15,Premier League
Leicester City FC,68,36,44910000,38,2015/16,Premier League
Leicester City FC,48,63,82440000,38,2016/17,Premier League
Leicester City FC,56,60,79380000,38,2017/18,Premier League
Leicester City FC,51,48,103140000,38,2018/19,Premier League
Leicester City FC,67,41,93870000,38,2019/20,Premier League
Leicester City FC,18,9,87300000,8,2020/21,Premier League
Levante UD,40,57,585000,38,2012/13,Primera División
Levante UD,35,43,270000,38,2013/14,Primera División
Levante UD,34,67,720000,38,2014/15,Primera División
Levante UD,37,70,5895000,38,2015/16,Primera División
Levante UD,44,58,8190000,38,2017/18,Primera División
Levante UD,59,66,23400000,38,2018/19,Primera División
Levante UD,47,53,11340000,38,2019/20,Primera División
Levante UD,8,13,4500000,8,2020/21,Primera División
Lille OSC,43,42,7020000,38,2014/15,Ligue 1
Lille OSC,39,27,11610000,38,2015/16,Ligue 1
Lille OSC,40,47,18630000,38,2016/17,Ligue 1
Lille OSC,41,67,61650000,38,2017/18,Ligue 1
Lille OSC,68,33,8010000,38,2018/19,Ligue 1
Lille OSC,35,27,90000000,28,2019/20,Ligue 1
Lille OSC,17,7,36270000,10,2020/21,Ligue 1
Liverpool FC,47,40,59873000,38,2011/12,Premier League
Liverpool FC,71,43,63540000,38,2012/13,Premier League
Liverpool FC,101,50,52290000,38,2013/14,Premier League
Liverpool FC,52,48,136290000,38,2014/15,Premier League
Liverpool FC,63,50,113850000,38,2015/16,Premier League
Liverpool FC,78,42,71910000,38,2016/17,Premier League
Liverpool FC,84,38,156495000,38,2017/18,Premier League
Liverpool FC,89,22,163980000,38,2018/19,Premier League
Liverpool FC,85,33,9360000,38,2019/20,Premier League
Liverpool FC,18,16,71730000,8,2020/21,Premier League
Manchester City FC,93,29,81950000,38,2011/12,Premier League
Manchester City FC,66,34,55760000,38,2012/13,Premier League
Manchester City FC,102,37,104400000,38,2013/14,Premier League
Manchester City FC,83,38,92520000,38,2014/15,Premier League
Manchester City FC,71,41,187376000,38,2015/16,Premier League
Manchester City FC,80,39,193500000,38,2016/17,Premier League
Manchester City FC,106,27,285750000,38,2017/18,Premier League
Manchester City FC,95,23,70731000,38,2018/19,Premier League
Manchester City FC,102,35,150140000,38,2019/20,Premier League
Manchester City FC,10,9,152820000,7,2020/21,Premier League
Manchester United FC,89,33,56070000,38,2011/12,Premier League
Manchester United FC,86,43,68810000,38,2012/13,Premier League
Manchester United FC,64,43,69420000,38,2013/14,Premier League
Manchester United FC,62,37,175820000,38,2014/15,Premier League
Manchester United FC,49,35,140400000,38,2015/16,Premier League
Manchester United FC,54,29,166500000,38,2016/17,Premier League
Manchester United FC,68,28,178560000,38,2017/18,Premier League
Manchester United FC,65,54,74430000,38,2018/19,Premier League
Manchester United FC,66,36,192600000,38,2019/20,Premier League
Manchester United FC,12,14,96300000,7,2020/21,Premier League
Middlesbrough FC,27,53,43160000,38,2016/17,Premier League
Montpellier HSC,46,39,3600000,38,2014/15,Ligue 1
Montpellier HSC,49,47,2453000,38,2015/16,Ligue 1
Montpellier HSC,48,66,5760000,38,2016/17,Ligue 1
Montpellier HSC,36,33,5130000,38,2017/18,Ligue 1
Montpellier HSC,53,42,9135000,38,2018/19,Ligue 1
Montpellier HSC,35,34,18270000,28,2019/20,Ligue 1
Montpellier HSC,16,13,11070000,10,2020/21,Ligue 1
Málaga CF,53,50,0,38,2012/13,Primera División
Málaga CF,39,46,4712000,38,2013/14,Primera División
Málaga CF,42,48,1350000,38,2014/15,Primera División
Málaga CF,38,35,7785000,38,2015/16,Primera División
Málaga CF,49,55,11282000,38,2016/17,Primera División
Málaga CF,24,61,9450000,38,2017/18,Primera División
Newcastle United FC,56,51,23585000,38,2011/12,Premier League
Newcastle United FC,45,68,28774000,38,2012/13,Premier League
Newcastle United FC,43,59,3420000,38,2013/14,Premier League
Newcastle United FC,40,63,40520000,38,2014/15,Premier League
Newcastle United FC,44,65,97124000,38,2015/16,Premier League
Newcastle United FC,39,47,41850000,38,2017/18,Premier League
Newcastle United FC,42,48,53780000,38,2018/19,Premier League
Newcastle United FC,38,58,65610000,38,2019/20,Premier League
Newcastle United FC,10,13,34880000,8,2020/21,Premier League
Norwich City FC,52,66,13740000,38,2011/12,Premier League
Norwich City FC,41,58,9977000,38,2012/13,Premier League
Norwich City FC,28,62,30375000,38,2013/14,Premier League
Norwich City FC,39,67,39470000,38,2015/16,Premier League
Norwich City FC,26,75,7939000,38,2019/20,Premier League
Nîmes Olympique,57,58,2835000,38,2018/19,Ligue 1
Nîmes Olympique,29,44,9540000,28,2019/20,Ligue 1
Nîmes Olympique,10,19,13725000,10,2020/21,Ligue 1
OGC Nice,44,53,1170000,38,2014/15,Ligue 1
OGC Nice,58,41,3690000,38,2015/16,Ligue 1
OGC Nice,63,36,13730000,38,2016/17,Ligue 1
OGC Nice,53,52,23670000,38,2017/18,Ligue 1
OGC Nice,30,35,25200000,38,2018/19,Ligue 1
OGC Nice,41,38,47250000,28,2019/20,Ligue 1
OGC Nice,15,12,25400000,10,2020/21,Ligue 1
Olympique Lyonnais,72,33,3060000,38,2014/15,Ligue 1
Olympique Lyonnais,67,43,36990000,38,2015/16,Ligue 1
Olympique Lyonnais,77,48,25740000,38,2016/17,Ligue 1
Olympique Lyonnais,87,43,55845000,38,2017/18,Ligue 1
Olympique Lyonnais,70,47,41810000,38,2018/19,Ligue 1
Olympique Lyonnais,42,27,113400000,28,2019/20,Ligue 1
Olympique Lyonnais,17,10,29925000,10,2020/21,Ligue 1
Olympique de Marseille,76,42,18450000,38,2014/15,Ligue 1
Olympique de Marseille,48,42,17775000,38,2015/16,Ligue 1
Olympique de Marseille,57,41,45000000,38,2016/17,Ligue 1
Olympique de Marseille,80,47,55800000,38,2017/18,Ligue 1
Olympique de Marseille,60,52,59400000,38,2018/19,Ligue 1
Olympique de Marseille,41,29,24300000,28,2019/20,Ligue 1
Olympique de Marseille,12,8,11700000,9,2020/21,Ligue 1
Palermo,53,55,17730000,38,2014/15,Serie A
Palermo,38,65,11025000,38,2015/16,Serie A
Palermo,33,77,7630000,38,2016/17,Serie A
Paris Saint-Germain,83,36,44550000,38,2014/15,Ligue 1
Paris Saint-Germain,102,19,104490000,38,2015/16,Ligue 1
Paris Saint-Germain,83,27,121050000,38,2016/17,Ligue 1
Paris Saint-Germain,108,29,214200000,38,2017/18,Ligue 1
Paris Saint-Germain,105,35,204300000,38,2018/19,Ligue 1
Paris Saint-Germain,75,24,85500000,27,2019/20,Ligue 1
Paris Saint-Germain,26,3,58500000,10,2020/21,Ligue 1
Parma,58,46,11513000,38,2013/14,Serie A
Parma,33,75,15517000,38,2014/15,Serie A
Parma,41,61,18910000,38,2018/19,Serie A
Parma,56,57,22384000,38,2019/20,Serie A
Parma,8,13,92170000,7,2020/21,Serie A
Queens Park Rangers FC,43,66,23603000,38,2011/12,Premier League
Queens Park Rangers FC,30,60,45320000,38,2012/13,Premier League
Queens Park Rangers FC,42,73,39191000,38,2014/15,Premier League
RB Leipzig,66,39,70610000,34,2016/17,Bundesliga
RB Leipzig,57,53,57150000,34,2017/18,Bundesliga
RB Leipzig,63,29,59070000,34,2018/19,Bundesliga
RB Leipzig,81,37,68850000,34,2019/20,Bundesliga
RB Leipzig,15,4,30600000,7,2020/21,Bundesliga
RC Celta Vigo,37,52,4635000,38,2012/13,Primera División
RC Celta Vigo,49,54,4500000,38,2013/14,Primera División
RC Celta Vigo,47,44,3420000,38,2014/15,Primera División
RC Celta Vigo,51,59,14670000,38,2015/16,Primera División
RC Celta Vigo,53,69,7560000,38,2016/17,Primera División
RC Celta Vigo,59,60,23850000,38,2017/18,Primera División
RC Celta Vigo,53,62,26550000,38,2018/19,Primera División
RC Celta Vigo,37,49,22140000,38,2019/20,Primera División
RC Celta Vigo,6,15,2250000,9,2020/21,Primera División
RC Lens,32,61,0,38,2014/15,Ligue 1
RC Lens,14,14,17100000,8,2020/21,Ligue 1
RCD Espanyol,43,52,585000,38,2012/13,Primera División
RCD Espanyol,41,51,675000,38,2013/14,Primera División
RCD Espanyol,47,51,1980000,38,2014/15,Primera División
RCD Espanyol,40,74,2840000,38,2015/16,Primera División
RCD Espanyol,49,50,16560000,38,2016/17,Primera División
RCD Espanyol,36,42,15345000,38,2017/18,Primera División
RCD Espanyol,48,50,20340000,38,2018/19,Primera División
RCD Espanyol,27,58,55350000,38,2019/20,Primera División
RCD La Coruña,47,70,675000,38,2012/13,Primera División
RCD La Coruña,35,60,1260000,38,2014/15,Primera División
RCD La Coruña,45,61,7200000,38,2015/16,Primera División
RCD La Coruña,43,61,6300000,38,2016/17,Primera División
RCD La Coruña,38,76,8550000,38,2017/18,Primera División
RCD Mallorca,43,72,3330000,38,2012/13,Primera División
RCD Mallorca,40,65,6750000,38,2019/20,Primera División
Rayo Vallecano,50,66,0,38,2012/13,Primera División
Rayo Vallecano,46,80,0,38,2013/14,Primera División
Rayo Vallecano,46,68,450000,38,2014/15,Primera División
Rayo Vallecano,52,73,360000,38,2015/16,Primera División
Rayo Vallecano,41,70,11070000,38,2018/19,Primera División
Reading FC,43,73,9738000,38,2012/13,Premier League
Real Betis,57,56,2385000,38,2012/13,Primera División
Real Betis,36,78,6705000,38,2013/14,Primera División
Real Betis,34,52,7970000,38,2015/16,Primera División
Real Betis,41,64,18810000,38,2016/17,Primera División
Real Betis,60,61,34650000,38,2017/18,Primera División
Real Betis,44,52,34650000,38,2018/19,Primera División
Real Betis,48,60,90230000,38,2019/20,Primera División
Real Betis,12,17,0,9,2020/21,Primera División
Real Madrid,103,42,34650000,38,2012/13,Primera División
Real Madrid,104,38,157950000,38,2013/14,Primera División
Real Madrid,118,38,113400000,38,2014/15,Primera División
Real Madrid,110,34,76500000,38,2015/16,Primera División
Real Madrid,106,41,27000000,38,2016/17,Primera División
Real Madrid,94,44,36450000,38,2017/18,Primera División
Real Madrid,63,46,146480000,38,2018/19,Primera División
Real Madrid,70,25,317250000,38,2019/20,Primera División
Real Madrid,14,9,0,8,2020/21,Primera División
Real Sociedad,70,49,12600000,38,2012/13,Primera División
Real Sociedad,62,55,5850000,38,2013/14,Primera División
Real Sociedad,44,51,10800000,38,2014/15,Primera División
Real Sociedad,45,48,22590000,38,2015/16,Primera División
Real Sociedad,59,53,16200000,38,2016/17,Primera División
Real Sociedad,66,59,19350000,38,2017/18,Primera División
Real Sociedad,45,46,10800000,38,2018/19,Primera División
Real Sociedad,56,48,19125000,38,2019/20,Primera División
Real Sociedad,20,4,0,9,2020/21,Primera División
Real Valladolid CF,49,58,0,38,2012/13,Primera División
Real Valladolid CF,38,60,945000,38,2013/14,Primera División
Real Valladolid CF,32,51,9090000,38,2018/19,Primera División
Real Valladolid CF,32,43,1260000,38,2019/20,Primera División
Real Valladolid CF,7,14,7430000,9,2020/21,Primera División
Real Zaragoza,37,62,1620000,38,2012/13,Primera División
SC Bastia,37,46,90000,38,2014/15,Ligue 1
SC Bastia,36,42,0,38,2015/16,Ligue 1
SC Bastia,29,54,225000,38,2016/17,Ligue 1
SC Freiburg,45,61,3150000,34,2011/12,Bundesliga
SC Freiburg,45,40,1350000,34,2012/13,Bundesliga
SC Freiburg,43,61,6237000,34,2013/14,Bundesliga
SC Freiburg,36,47,12915000,34,2014/15,Bundesliga
SC Freiburg,42,60,15095000,34,2016/17,Bundesliga
SC Freiburg,32,56,18135000,34,2017/18,Bundesliga
SC Freiburg,46,61,16560000,34,2018/19,Bundesliga
SC Freiburg,48,47,16650000,34,2019/20,Bundesliga
SC Freiburg,8,16,12915000,7,2020/21,Bundesliga
SC Paderborn 07,31,65,1755000,34,2014/15,Bundesliga
SC Paderborn 07,37,74,675000,34,2019/20,Bundesliga
SD Eibar,34,55,146000,38,2014/15,Primera División
SD Eibar,49,61,3330000,38,2015/16,Primera División
SD Eibar,56,51,7740000,38,2016/17,Primera División
SD Eibar,44,50,6705000,38,2017/18,Primera División
SD Eibar,46,50,7200000,38,2018/19,Primera División
SD Eibar,39,56,15390000,38,2019/20,Primera División
SD Eibar,6,9,1800000,9,2020/21,Primera División
SD Huesca,43,65,7200000,38,2018/19,Primera División
SD Huesca,7,15,3825000,9,2020/21,Primera División
SPAL Ferrara,39,59,7863000,38,2017/18,Serie A
SPAL Ferrara,44,56,19570000,38,2018/19,Serie A
SPAL Ferrara,27,77,22815000,38,2019/20,Serie A
SS Lazio,54,54,24150000,38,2013/14,Serie A
SS Lazio,71,38,11475000,38,2014/15,Serie A
SS Lazio,52,52,33530000,38,2015/16,Serie A
SS Lazio,74,51,29435000,38,2016/17,Serie A
SS Lazio,89,49,25290000,38,2017/18,Serie A
SS Lazio,56,46,42510000,38,2018/19,Serie A
SS Lazio,79,42,41078000,38,2019/20,Serie A
SS Lazio,11,13,34650000,7,2020/21,Serie A
SSC Napoli,77,39,96705000,38,2013/14,Serie A
SSC Napoli,70,54,31330000,38,2014/15,Serie A
SSC Napoli,80,32,38430000,38,2015/16,Serie A
SSC Napoli,94,39,89181000,38,2016/17,Serie A
SSC Napoli,77,29,61210000,38,2017/18,Serie A
SSC Napoli,74,36,63450000,38,2018/19,Serie A
SSC Napoli,61,50,176850000,38,2019/20,Serie A
SSC Napoli,15,7,67950000,7,2020/21,Serie A
SV Darmstadt 98,38,53,990000,34,2015/16,Bundesliga
SV Darmstadt 98,28,63,3690000,34,2016/17,Bundesliga
Sevilla FC,58,54,12600000,38,2012/13,Primera División
Sevilla FC,69,52,33395000,38,2013/14,Primera División
Sevilla FC,71,45,18855000,38,2014/15,Primera División
Sevilla FC,51,50,39600000,38,2015/16,Primera División
Sevilla FC,69,49,73530000,38,2016/17,Primera División
Sevilla FC,49,58,70245000,38,2017/18,Primera División
Sevilla FC,62,47,71145000,38,2018/19,Primera División
Sevilla FC,54,34,159980000,38,2019/20,Primera División
Sevilla FC,7,6,70650000,7,2020/21,Primera División
Sheffield United FC,39,39,64350000,38,2019/20,Premier League
Sheffield United FC,4,14,79840000,8,2020/21,Premier League
Southampton FC,49,60,37360000,38,2012/13,Premier League
Southampton FC,54,46,35640000,38,2013/14,Premier League
Southampton FC,54,33,86400000,38,2014/15,Premier League
Southampton FC,59,41,54090000,38,2015/16,Premier League
Southampton FC,41,48,62010000,38,2016/17,Premier League
Southampton FC,37,56,55130000,38,2017/18,Premier League
Southampton FC,45,65,56030000,38,2018/19,Premier League
Southampton FC,51,60,52740000,38,2019/20,Premier League
Southampton FC,16,12,49770000,8,2020/21,Premier League
SpVgg Greuther Fürth,26,60,3465000,34,2012/13,Bundesliga
Spezia,11,15,5265000,7,2020/21,Serie A
Sporting Gijón,40,62,0,38,2015/16,Primera División
Sporting Gijón,42,72,900000,38,2016/17,Primera División
Stade Brestois 29,34,37,6750000,28,2019/20,Ligue 1
Stade Brestois 29,15,22,14490000,10,2020/21,Ligue 1
Stade Malherbe Caen,54,55,720000,38,2014/15,Ligue 1
Stade Malherbe Caen,39,52,5445000,38,2015/16,Ligue 1
Stade Malherbe Caen,36,65,3825000,38,2016/17,Ligue 1
Stade Malherbe Caen,27,52,6260000,38,2017/18,Ligue 1
Stade Malherbe Caen,29,54,8955000,38,2018/19,Ligue 1
Stade Rennais FC,35,42,13625000,38,2014/15,Ligue 1
Stade Rennais FC,52,54,5076000,38,2015/16,Ligue 1
Stade Rennais FC,36,42,2043000,38,2016/17,Ligue 1
Stade Rennais FC,50,44,48510000,38,2017/18,Ligue 1
Stade Rennais FC,55,52,16200000,38,2018/19,Ligue 1
Stade Rennais FC,38,24,49050000,28,2019/20,Ligue 1
Stade Rennais FC,18,14,90900000,10,2020/21,Ligue 1
Stade de Reims,47,66,0,38,2014/15,Ligue 1
Stade de Reims,44,57,2160000,38,2015/16,Ligue 1
Stade de Reims,39,42,13950000,38,2018/19,Ligue 1
Stade de Reims,26,21,16830000,28,2019/20,Ligue 1
Stade de Reims,16,18,9900000,10,2020/21,Ligue 1
Stoke City FC,36,53,22320000,38,2011/12,Premier League
Stoke City FC,34,45,21317000,38,2012/13,Premier League
Stoke City FC,45,52,6300000,38,2013/14,Premier League
Stoke City FC,48,45,1620000,38,2014/15,Premier League
Stoke City FC,41,55,48290000,38,2015/16,Premier League
Stoke City FC,41,56,34903000,38,2016/17,Premier League
Stoke City FC,35,68,51930000,38,2017/18,Premier League
Sunderland AFC,45,46,25425000,38,2011/12,Premier League
Sunderland AFC,41,54,34470000,38,2012/13,Premier League
Sunderland AFC,41,60,30525000,38,2013/14,Premier League
Sunderland AFC,31,53,20260000,38,2014/15,Premier League
Sunderland AFC,48,62,59450000,38,2015/16,Premier League
Sunderland AFC,29,69,37720000,38,2016/17,Premier League
Swansea City FC,44,51,11571000,38,2011/12,Premier League
Swansea City FC,47,51,18420000,38,2012/13,Premier League
Swansea City FC,54,54,23951000,38,2013/14,Premier League
Swansea City FC,46,49,37380000,38,2014/15,Premier League
Swansea City FC,42,52,19629000,38,2015/16,Premier League
Swansea City FC,45,70,52290000,38,2016/17,Premier League
Swansea City FC,28,56,66047000,38,2017/18,Premier League
TSG 1899 Hoffenheim,41,47,5310000,34,2011/12,Bundesliga
TSG 1899 Hoffenheim,42,67,23670000,34,2012/13,Bundesliga
TSG 1899 Hoffenheim,72,70,8910000,34,2013/14,Bundesliga
TSG 1899 Hoffenheim,49,55,17280000,34,2014/15,Bundesliga
TSG 1899 Hoffenheim,39,54,21060000,34,2015/16,Bundesliga
TSG 1899 Hoffenheim,64,37,24694000,34,2016/17,Bundesliga
TSG 1899 Hoffenheim,66,48,13230000,34,2017/18,Bundesliga
TSG 1899 Hoffenheim,70,52,28800000,34,2018/19,Bundesliga
TSG 1899 Hoffenheim,53,53,50265000,34,2019/20,Bundesliga
TSG 1899 Hoffenheim,11,12,2700000,7,2020/21,Bundesliga
Torino FC,58,48,18360000,38,2013/14,Serie A
Torino FC,48,45,19980000,38,2014/15,Serie A
Torino FC,52,55,25245000,38,2015/16,Serie A
Torino FC,71,66,25630000,38,2016/17,Serie A
Torino FC,54,46,21690000,38,2017/18,Serie A
Torino FC,52,37,47835000,38,2018/19,Serie A
Torino FC,46,68,26280000,38,2019/20,Serie A
Torino FC,12,16,36900000,7,2020/21,Serie A
Tottenham Hotspur FC,66,41,8110000,38,2011/12,Premier League
Tottenham Hotspur FC,66,46,65930000,38,2012/13,Premier League
Tottenham Hotspur FC,55,51,110280000,38,2013/14,Premier League
Tottenham Hotspur FC,58,53,43640000,38,2014/15,Premier League
Tottenham Hotspur FC,69,35,63900000,38,2015/16,Premier League
Tottenham Hotspur FC,86,26,75150000,38,2016/17,Premier League
Tottenham Hotspur FC,74,36,109350000,38,2017/18,Premier League
Tottenham Hotspur FC,67,39,0,38,2018/19,Premier League
Tottenham Hotspur FC,61,47,133650000,38,2019/20,Premier League
Tottenham Hotspur FC,19,9,91260000,8,2020/21,Premier League
Toulouse FC,43,64,2700000,38,2014/15,Ligue 1
Toulouse FC,45,55,2610000,38,2015/16,Ligue 1
Toulouse FC,37,41,11700000,38,2016/17,Ligue 1
Toulouse FC,38,54,3150000,38,2017/18,Ligue 1
Toulouse FC,35,57,16610000,38,2018/19,Ligue 1
Toulouse FC,22,58,12600000,28,2019/20,Ligue 1
UC Sampdoria,48,62,17640000,38,2013/14,Serie A
UC Sampdoria,48,42,21830000,38,2014/15,Serie A
UC Sampdoria,48,61,31201000,38,2015/16,Serie A
UC Sampdoria,49,55,35690000,38,2016/17,Serie A
UC Sampdoria,56,60,45905000,38,2017/18,Serie A
UC Sampdoria,60,51,49680000,38,2018/19,Serie A
UC Sampdoria,48,65,58455000,38,2019/20,Serie A
UC Sampdoria,11,11,14130000,7,2020/21,Serie A
UD Almería,43,71,0,38,2013/14,Primera División
UD Almería,35,64,0,38,2014/15,Primera División
UD Las Palmas,45,53,5760000,38,2015/16,Primera División
UD Las Palmas,53,74,2610000,38,2016/17,Primera División
UD Las Palmas,24,74,315000,38,2017/18,Primera División
US Lecce,52,85,5535000,38,2019/20,Serie A
US Sassuolo Calcio,43,72,41855000,38,2013/14,Serie A
US Sassuolo Calcio,49,57,16020000,38,2014/15,Serie A
US Sassuolo Calcio,49,40,27640000,38,2015/16,Serie A
US Sassuolo Calcio,58,63,24758000,38,2016/17,Serie A
US Sassuolo Calcio,29,59,31950000,38,2017/18,Serie A
US Sassuolo Calcio,53,60,35730000,38,2018/19,Serie A
US Sassuolo Calcio,69,63,55400000,38,2019/20,Serie A
US Sassuolo Calcio,18,9,26820000,7,2020/21,Serie A
Udinese Calcio,46,57,21969000,38,2013/14,Serie A
Udinese Calcio,43,56,26280000,38,2014/15,Serie A
Udinese Calcio,35,60,19283000,38,2015/16,Serie A
Udinese Calcio,47,56,17100000,38,2016/17,Serie A
Udinese Calcio,48,63,20332000,38,2017/18,Serie A
Udinese Calcio,39,53,44460000,38,2018/19,Serie A
Udinese Calcio,37,51,11340000,38,2019/20,Serie A
Udinese Calcio,6,11,7200000,7,2020/21,Serie A
Valencia CF,67,54,20880000,38,2012/13,Primera División
Valencia CF,51,53,20228000,38,2013/14,Primera División
Valencia CF,70,32,47970000,38,2014/15,Primera División
Valencia CF,46,48,129510000,38,2015/16,Primera División
Valencia CF,56,65,32400000,38,2016/17,Primera División
Valencia CF,65,38,49500000,38,2017/18,Primera División
Valencia CF,51,35,116280000,38,2018/19,Primera División
Valencia CF,46,53,67500000,38,2019/20,Primera División
Valencia CF,15,14,0,9,2020/21,Primera División
VfB Stuttgart,63,46,9990000,34,2011/12,Bundesliga
VfB Stuttgart,37,55,2160000,34,2012/13,Bundesliga
VfB Stuttgart,49,62,6480000,34,2013/14,Bundesliga
VfB Stuttgart,42,60,9725000,34,2014/15,Bundesliga
VfB Stuttgart,50,75,14100000,34,2015/16,Bundesliga
VfB Stuttgart,36,36,27810000,34,2017/18,Bundesliga
VfB Stuttgart,32,70,42300000,34,2018/19,Bundesliga
VfB Stuttgart,13,9,10125000,7,2020/21,Bundesliga
VfL Wolfsburg,47,60,43920000,34,2011/12,Bundesliga
VfL Wolfsburg,47,52,24390000,34,2012/13,Bundesliga
VfL Wolfsburg,63,50,45540000,34,2013/14,Bundesliga
VfL Wolfsburg,72,38,40545000,34,2014/15,Bundesliga
VfL Wolfsburg,47,49,61290000,34,2015/16,Bundesliga
VfL Wolfsburg,34,52,72945000,34,2016/17,Bundesliga
VfL Wolfsburg,36,48,66380000,34,2017/18,Bundesliga
VfL Wolfsburg,62,50,36000000,34,2018/19,Bundesliga
VfL Wolfsburg,48,46,34920000,34,2019/20,Bundesliga
VfL Wolfsburg,7,5,30600000,7,2020/21,Bundesliga
Villarreal CF,60,44,14400000,38,2013/14,Primera División
Villarreal CF,48,37,16830000,38,2014/15,Primera División
Villarreal CF,44,35,42480000,38,2015/16,Primera División
Villarreal CF,56,33,50360000,38,2016/17,Primera División
Villarreal CF,57,50,41490000,38,2017/18,Primera División
Villarreal CF,49,52,83610000,38,2018/19,Primera División
Villarreal CF,63,49,40320000,38,2019/20,Primera División
Villarreal CF,13,9,29610000,9,2020/21,Primera División
Watford FC,40,50,75180000,38,2015/16,Premier League
Watford FC,40,68,63415000,38,2016/17,Premier League
Watford FC,44,64,64260000,38,2017/18,Premier League
Watford FC,52,59,27100000,38,2018/19,Premier League
Watford FC,36,64,43200000,38,2019/20,Premier League
Werder Bremen,49,58,7920000,34,2011/12,Bundesliga
Werder Bremen,50,66,13255000,34,2012/13,Bundesliga
Werder Bremen,42,66,9230000,34,2013/14,Bundesliga
Werder Bremen,50,65,5895000,34,2014/15,Bundesliga
Werder Bremen,50,65,11592000,34,2015/16,Bundesliga
Werder Bremen,61,64,21330000,34,2016/17,Bundesliga
Werder Bremen,37,40,15750000,34,2017/18,Bundesliga
Werder Bremen,58,49,23225000,34,2018/19,Bundesliga
Werder Bremen,42,69,12555000,34,2019/20,Bundesliga
Werder Bremen,9,9,9900000,7,2020/21,Bundesliga
West Bromwich Albion FC,45,52,8224000,38,2011/12,Premier League
West Bromwich Albion FC,53,57,4500000,38,2012/13,Premier League
West Bromwich Albion FC,43,59,14130000,38,2013/14,Premier League
West Bromwich Albion FC,38,51,22400000,38,2014/15,Premier League
West Bromwich Albion FC,34,48,38610000,38,2015/16,Premier League
West Bromwich Albion FC,43,51,34110000,38,2016/17,Premier League
West Bromwich Albion FC,31,56,48150000,38,2017/18,Premier League
West Bromwich Albion FC,6,17,22320000,8,2020/21,Premier League
West Ham United FC,45,53,21511000,38,2012/13,Premier League
West Ham United FC,40,51,21600000,38,2013/14,Premier League
West Ham United FC,44,47,31640000,38,2014/15,Premier League
West Ham United FC,65,51,47430000,38,2015/16,Premier League
West Ham United FC,47,64,75150000,38,2016/17,Premier League
West Ham United FC,48,68,51120000,38,2017/18,Premier League
West Ham United FC,52,55,90810000,38,2018/19,Premier League
West Ham United FC,49,62,108180000,38,2019/20,Premier League
West Ham United FC,14,10,25380000,8,2020/21,Premier League
Wigan Athletic FC,42,62,11140000,38,2011/12,Premier League
Wigan Athletic FC,47,73,9482000,38,2012/13,Premier League
Wolverhampton Wanderers FC,40,82,10850000,38,2011/12,Premier League
Wolverhampton Wanderers FC,47,46,101030000,38,2018/19,Premier League
Wolverhampton Wanderers FC,51,40,109620000,38,2019/20,Premier League
Wolverhampton Wanderers FC,8,9,73620000,8,2020/21,Premier League
Évian TG FC,41,62,2025000,38,2014/15,Ligue 1
